Workbook

Sheet 04_AnalyticsReady
A1: Transaction ID | B1: Item | C1: Quantity | D1: Price Per Unit | E1: Total Spent | F1: Payment Method | G1: Location | H1: Transaction Date
A2: TXN_1961373 | B2: Coffee | C2: 2 | D2: 2 | E2: 4 | F2: Credit Card | G2: Takeaway | H2: 45177
A3: TXN_4977031 | B3: Cake | C3: 4 | D3: 3 | E3: 12 | F3: Cash | G3: In-store | H3: 45062
A4: TXN_4271903 | B4: Cookie | C4: 4 | D4: 1 | E4: 4 | F4: Credit Card | G4: In-store | H4: 45126
A5: TXN_7034554 | B5: Salad | C5: 2 | D5: 5 | E5: 10 | F5: N/A | G5: N/A | H5: 45043
A6: TXN_3160411 | B6: Coffee | C6: 2 | D6: 2 | E6: 4 | F6: Digital Wallet | G6: In-store | H6: 45088
A7: TXN_2602893 | B7: Smoothie | C7: 5 | D7: 4 | E7: 20 | F7: Credit Card | G7: N/A | H7: 45016
A8: TXN_4433211 | B8: Cake | C8: 3 | D8: 3 | E8: 9 | F8: N/A | G8: Takeaway | H8: 45205
A9: TXN_6699534 | B9: Sandwich | C9: 4 | D9: 4 | E9: 16 | F9: Cash | G9: N/A | H9: 45227
A10: TXN_4717867 | B10: Cake | C10: 5 | D10: 3 | E10: 15 | F10: N/A | G10: Takeaway | H10: 45135
A11: TXN_2064365 | B11: Sandwich | C11: 5 | D11: 4 | E11: 20 | F11: N/A | G11: In-store | H11: 45291
A12: TXN_2548360 | B12: Salad | C12: 5 | D12: 5 | E12: 25 | F12: Cash | G12: Takeaway | H12: 45237
A13: TXN_3051279 | B13: Sandwich | C13: 2 | D13: 4 | E13: 8 | F13: Credit Card | G13: Takeaway | H13: 2
... A10001: TXN_6170729 | B10001: Sandwich | C10001: 3 | D10001: 4 | E10001: 12 | F10001: Cash | G10001: In-store | H10001: 45237

Sheet 03_CleaningFlow
A1: Transaction ID | B1: Item | C1: Cleaned_Item | D1: Quantity | E1: Cleaned_Quantity | F1: Price Per Unit | G1: Cleaned_PPU | H1: Total Spent | I1: Cleaned_Total Spent | J1: Cleaned_Payment Method | K1: Cleaned_Location | L1: Transaction Date | M1: Cleaned_Transaction Date
A2: TXN_1961373 | B2: Coffee | C2: =IF(OR($B2="Unknown",$B2="Error",$B2=""),IFERROR(VLOOKUP($F2, '02_UnitPriceRef'!$F$3:$G$10,2,FALSE),"N/A"),$B2) -> Coffee | D2: 2 | E2: =IF(OR($D2="ERROR",$D2="UNKNOWN",$D2=""),IFERROR(H2/G2,0),D2) -> 2 | F2: 2 | G2: =IF(OR($F2="ERROR",$F2="UNKNOWN",$F2=""),IFERROR(VLOOKUP($C2,'02_UnitPriceRef'!$E$3:$F$10,2,0),IF(OR($D2="Error",$D2="UNKNOWN",$D2=""),0,H2/D2)),$F2) -> 2 | H2: 4 | I2: =E2*G2 -> 4 | J2: Credit Card | K2: Takeaway | L2: 45177 | M2: =IF(OR(L2="UNKNOWN",L2="ERROR",L2=""),DATE(1900,1,1),L2) -> 45177
A3: TXN_4977031 | B3: Cake | C3: =IF(OR($B3="Unknown",$B3="Error",$B3=""),IFERROR(VLOOKUP($F3, '02_UnitPriceRef'!$F$3:$G$10,2,FALSE),"N/A"),$B3) -> Cake | D3: 4 | E3: =IF(OR($D3="ERROR",$D3="UNKNOWN",$D3=""),IFERROR(H3/G3,0),D3) -> 4 | F3: 3 | G3: =IF(OR($F3="ERROR",$F3="UNKNOWN",$F3=""),IFERROR(VLOOKUP($C3,'02_UnitPriceRef'!$E$3:$F$10,2,0),IF(OR($D3="Error",$D3="UNKNOWN",$D3=""),0,H3/D3)),$F3) -> 3 | H3: 12 | I3: =E3*G3 -> 12 | J3: Cash | K3: In-store | L3: 45062 | M3: =IF(OR(L3="UNKNOWN",L3="ERROR",L3=""),DATE(1900,1,1),L3) -> 45062
A4: TXN_4271903 | B4: Cookie | C4: =IF(OR($B4="Unknown",$B4="Error",$B4=""),IFERROR(VLOOKUP($F4, '02_UnitPriceRef'!$F$3:$G$10,2,FALSE),"N/A"),$B4) -> Cookie | D4: 4 | E4: =IF(OR($D4="ERROR",$D4="UNKNOWN",$D4=""),IFERROR(H4/G4,0),D4) -> 4 | F4: 1 | G4: =IF(OR($F4="ERROR",$F4="UNKNOWN",$F4=""),IFERROR(VLOOKUP($C4,'02_UnitPriceRef'!$E$3:$F$10,2,0),IF(OR($D4="Error",$D4="UNKNOWN",$D4=""),0,H4/D4)),$F4) -> 1 | H4: ERROR | I4: =E4*G4 -> 4 | J4: Credit Card | K4: In-store | L4: 45126 | M4: =IF(OR(L4="UNKNOWN",L4="ERROR",L4=""),DATE(1900,1,1),L4) -> 45126
A5: TXN_7034554 | B5: Salad | C5: =IF(OR($B5="Unknown",$B5="Error",$B5=""),IFERROR(VLOOKUP($F5, '02_UnitPriceRef'!$F$3:$G$10,2,FALSE),"N/A"),$B5) -> Salad | D5: 2 | E5: =IF(OR($D5="ERROR",$D5="UNKNOWN",$D5=""),IFERROR(H5/G5,0),D5) -> 2 | F5: 5 | G5: =IF(OR($F5="ERROR",$F5="UNKNOWN",$F5=""),IFERROR(VLOOKUP($C5,'02_UnitPriceRef'!$E$3:$F$10,2,0),IF(OR($D5="Error",$D5="UNKNOWN",$D5=""),0,H5/D5)),$F5) -> 5 | H5: 10 | I5: =E5*G5 -> 10 | J5: N/A | K5: N/A | L5: 45043 | M5: =IF(OR(L5="UNKNOWN",L5="ERROR",L5=""),DATE(1900,1,1),L5) -> 45043
A6: TXN_3160411 | B6: Coffee | C6: =IF(OR($B6="Unknown",$B6="Error",$B6=""),IFERROR(VLOOKUP($F6, '02_UnitPriceRef'!$F$3:$G$10,2,FALSE),"N/A"),$B6) -> Coffee | D6: 2 | E6: =IF(OR($D6="ERROR",$D6="UNKNOWN",$D6=""),IFERROR(H6/G6,0),D6) -> 2 | F6: 2 | G6: =IF(OR($F6="ERROR",$F6="UNKNOWN",$F6=""),IFERROR(VLOOKUP($C6,'02_UnitPriceRef'!$E$3:$F$10,2,0),IF(OR($D6="Error",$D6="UNKNOWN",$D6=""),0,H6/D6)),$F6) -> 2 | H6: 4 | I6: =E6*G6 -> 4 | J6: Digital Wallet | K6: In-store | L6: 45088 | M6: =IF(OR(L6="UNKNOWN",L6="ERROR",L6=""),DATE(1900,1,1),L6) -> 45088
A7: TXN_2602893 | B7: Smoothie | C7: =IF(OR($B7="Unknown",$B7="Error",$B7=""),IFERROR(VLOOKUP($F7, '02_UnitPriceRef'!$F$3:$G$10,2,FALSE),"N/A"),$B7) -> Smoothie | D7: 5 | E7: =IF(OR($D7="ERROR",$D7="UNKNOWN",$D7=""),IFERROR(H7/G7,0),D7) -> 5 | F7: 4 | G7: =IF(OR($F7="ERROR",$F7="UNKNOWN",$F7=""),IFERROR(VLOOKUP($C7,'02_UnitPriceRef'!$E$3:$F$10,2,0),IF(OR($D7="Error",$D7="UNKNOWN",$D7=""),0,H7/D7)),$F7) -> 4 | H7: 20 | I7: =E7*G7 -> 20 | J7: Credit Card | K7: N/A | L7: 45016 | M7: =IF(OR(L7="UNKNOWN",L7="ERROR",L7=""),DATE(1900,1,1),L7) -> 45016
A8: TXN_4433211 | B8: UNKNOWN | C8: =IF(OR($B8="Unknown",$B8="Error",$B8=""),IFERROR(VLOOKUP($F8, '02_UnitPriceRef'!$F$3:$G$10,2,FALSE),"N/A"),$B8) -> Cake | D8: 3 | E8: =IF(OR($D8="ERROR",$D8="UNKNOWN",$D8=""),IFERROR(H8/G8,0),D8) -> 3 | F8: 3 | G8: =IF(OR($F8="ERROR",$F8="UNKNOWN",$F8=""),IFERROR(VLOOKUP($C8,'02_UnitPriceRef'!$E$3:$F$10,2,0),IF(OR($D8="Error",$D8="UNKNOWN",$D8=""),0,H8/D8)),$F8) -> 3 | H8: 9 | I8: =E8*G8 -> 9 | J8: N/A | K8: Takeaway | L8: 45205 | M8: =IF(OR(L8="UNKNOWN",L8="ERROR",L8=""),DATE(1900,1,1),L8) -> 45205
A9: TXN_6699534 | B9: Sandwich | C9: =IF(OR($B9="Unknown",$B9="Error",$B9=""),IFERROR(VLOOKUP($F9, '02_UnitPriceRef'!$F$3:$G$10,2,FALSE),"N/A"),$B9) -> Sandwich | D9: 4 | E9: =IF(OR($D9="ERROR",$D9="UNKNOWN",$D9=""),IFERROR(H9/G9,0),D9) -> 4 | F9: 4 | G9: =IF(OR($F9="ERROR",$F9="UNKNOWN",$F9=""),IFERROR(VLOOKUP($C9,'02_UnitPriceRef'!$E$3:$F$10,2,0),IF(OR($D9="Error",$D9="UNKNOWN",$D9=""),0,H9/D9)),$F9) -> 4 | H9: 16 | I9: =E9*G9 -> 16 | J9: Cash | K9: N/A | L9: 45227 | M9: =IF(OR(L9="UNKNOWN",L9="ERROR",L9=""),DATE(1900,1,1),L9) -> 45227
A10: TXN_4717867 | C10: =IF(OR($B10="Unknown",$B10="Error",$B10=""),IFERROR(VLOOKUP($F10, '02_UnitPriceRef'!$F$3:$G$10,2,FALSE),"N/A"),$B10) -> Cake | D10: 5 | E10: =IF(OR($D10="ERROR",$D10="UNKNOWN",$D10=""),IFERROR(H10/G10,0),D10) -> 5 | F10: 3 | G10: =IF(OR($F10="ERROR",$F10="UNKNOWN",$F10=""),IFERROR(VLOOKUP($C10,'02_UnitPriceRef'!$E$3:$F$10,2,0),IF(OR($D10="Error",$D10="UNKNOWN",$D10=""),0,H10/D10)),$F10) -> 3 | H10: 15 | I10: =E10*G10 -> 15 | J10: N/A | K10: Takeaway | L10: 45135 | M10: =IF(OR(L10="UNKNOWN",L10="ERROR",L10=""),DATE(1900,1,1),L10) -> 45135
A11: TXN_2064365 | B11: Sandwich | C11: =IF(OR($B11="Unknown",$B11="Error",$B11=""),IFERROR(VLOOKUP($F11, '02_UnitPriceRef'!$F$3:$G$10,2,FALSE),"N/A"),$B11) -> Sandwich | D11: 5 | E11: =IF(OR($D11="ERROR",$D11="UNKNOWN",$D11=""),IFERROR(H11/G11,0),D11) -> 5 | F11: 4 | G11: =IF(OR($F11="ERROR",$F11="UNKNOWN",$F11=""),IFERROR(VLOOKUP($C11,'02_UnitPriceRef'!$E$3:$F$10,2,0),IF(OR($D11="Error",$D11="UNKNOWN",$D11=""),0,H11/D11)),$F11) -> 4 | H11: 20 | I11: =E11*G11 -> 20 | J11: N/A | K11: In-store | L11: 45291 | M11: =IF(OR(L11="UNKNOWN",L11="ERROR",L11=""),DATE(1900,1,1),L11) -> 45291
A12: TXN_2548360 | B12: Salad | C12: =IF(OR($B12="Unknown",$B12="Error",$B12=""),IFERROR(VLOOKUP($F12, '02_UnitPriceRef'!$F$3:$G$10,2,FALSE),"N/A"),$B12) -> Salad | D12: 5 | E12: =IF(OR($D12="ERROR",$D12="UNKNOWN",$D12=""),IFERROR(H12/G12,0),D12) -> 5 | F12: 5 | G12: =IF(OR($F12="ERROR",$F12="UNKNOWN",$F12=""),IFERROR(VLOOKUP($C12,'02_UnitPriceRef'!$E$3:$F$10,2,0),IF(OR($D12="Error",$D12="UNKNOWN",$D12=""),0,H12/D12)),$F12) -> 5 | H12: 25 | I12: =E12*G12 -> 25 | J12: Cash | K12: Takeaway | L12: 45237 | M12: =IF(OR(L12="UNKNOWN",L12="ERROR",L12=""),DATE(1900,1,1),L12) -> 45237
A13: TXN_3051279 | B13: Sandwich | C13: =IF(OR($B13="Unknown",$B13="Error",$B13=""),IFERROR(VLOOKUP($F13, '02_UnitPriceRef'!$F$3:$G$10,2,FALSE),"N/A"),$B13) -> Sandwich | D13: 2 | E13: =IF(OR($D13="ERROR",$D13="UNKNOWN",$D13=""),IFERROR(H13/G13,0),D13) -> 2 | F13: 4 | G13: =IF(OR($F13="ERROR",$F13="UNKNOWN",$F13=""),IFERROR(VLOOKUP($C13,'02_UnitPriceRef'!$E$3:$F$10,2,0),IF(OR($D13="Error",$D13="UNKNOWN",$D13=""),0,H13/D13)),$F13) -> 4 | H13: 8 | I13: =E13*G13 -> 8 | J13: Credit Card | K13: Takeaway | L13: ERROR | M13: =IF(OR(L13="UNKNOWN",L13="ERROR",L13=""),DATE(1900,1,1),L13) -> 1
A14: TXN_7619095 | B14: Sandwich | C14: =IF(OR($B14="Unknown",$B14="Error",$B14=""),IFERROR(VLOOKUP($F14, '02_UnitPriceRef'!$F$3:$G$10,2,FALSE),"N/A"),$B14) -> Sandwich | D14: 2 | E14: =IF(OR($D14="ERROR",$D14="UNKNOWN",$D14=""),IFERROR(H14/G14,0),D14) -> 2 | F14: 4 | G14: =IF(OR($F14="ERROR",$F14="UNKNOWN",$F14=""),IFERROR(VLOOKUP($C14,'02_UnitPriceRef'!$E$3:$F$10,2,0),IF(OR($D14="Error",$D14="UNKNOWN",$D14=""),0,H14/D14)),$F14) -> 4 | H14: 8 | I14: =E14*G14 -> 8 | J14: Cash | K14: In-store | L14: 45049 | M14: =IF(OR(L14="UNKNOWN",L14="ERROR",L14=""),DATE(1900,1,1),L14) -> 45049
A15: TXN_9437049 | B15: Cookie | C15: =IF(OR($B15="Unknown",$B15="Error",$B15=""),IFERROR(VLOOKUP($F15, '02_UnitPriceRef'!$F$3:$G$10,2,FALSE),"N/A"),$B15) -> Cookie | D15: 5 | E15: =IF(OR($D15="ERROR",$D15="UNKNOWN",$D15=""),IFERROR(H15/G15,0),D15) -> 5 | F15: 1 | G15: =IF(OR($F15="ERROR",$F15="UNKNOWN",$F15=""),IFERROR(VLOOKUP($C15,'02_UnitPriceRef'!$E$3:$F$10,2,0),IF(OR($D15="Error",$D15="UNKNOWN",$D15=""),0,H15/D15)),$F15) -> 1 | H15: 5 | I15: =E15*G15 -> 5 | J15: N/A | K15: Takeaway | L15: 45078 | M15: =IF(OR(L15="UNKNOWN",L15="ERROR",L15=""),DATE(1900,1,1),L15) -> 45078
A16: TXN_8915701 | B16: ERROR | C16: =IF(OR($B16="Unknown",$B16="Error",$B16=""),IFERROR(VLOOKUP($F16, '02_UnitPriceRef'!$F$3:$G$10,2,FALSE),"N/A"),$B16) -> Tea | D16: 2 | E16: =IF(OR($D16="ERROR",$D16="UNKNOWN",$D16=""),IFERROR(H16/G16,0),D16) -> 2 | F16: 1.5 | G16: =IF(OR($F16="ERROR",$F16="UNKNOWN",$F16=""),IFERROR(VLOOKUP($C16,'02_UnitPriceRef'!$E$3:$F$10,2,0),IF(OR($D16="Error",$D16="UNKNOWN",$D16=""),0,H16/D16)),$F16) -> 1.5 | H16: 3 | I16: =E16*G16 -> 3 | J16: N/A | K16: In-store | L16: 45006 | M16: =IF(OR(L16="UNKNOWN",L16="ERROR",L16=""),DATE(1900,1,1),L16) -> 45006
A17: TXN_2847255 | B17: Salad | C17: =IF(OR($B17="Unknown",$B17="Error",$B17=""),IFERROR(VLOOKUP($F17, '02_UnitPriceRef'!$F$3:$G$10,2,FALSE),"N/A"),$B17) -> Salad | D17: 3 | E17: =IF(OR($D17="ERROR",$D17="UNKNOWN",$D17=""),IFERROR(H17/G17,0),D17) -> 3 | F17: 5 | G17: =IF(OR($F17="ERROR",$F17="UNKNOWN",$F17=""),IFERROR(VLOOKUP($C17,'02_UnitPriceRef'!$E$3:$F$10,2,0),IF(OR($D17="Error",$D17="UNKNOWN",$D17=""),0,H17/D17)),$F17) -> 5 | H17: 15 | I17: =E17*G17 -> 15 | J17: Credit Card | K17: In-store | L17: 45245 | M17: =IF(OR(L17="UNKNOWN",L17="ERROR",L17=""),DATE(1900,1,1),L17) -> 45245
A18: TXN_3765707 | B18: Sandwich | C18: =IF(OR($B18="Unknown",$B18="Error",$B18=""),IFERROR(VLOOKUP($F18, '02_UnitPriceRef'!$F$3:$G$10,2,FALSE),"N/A"),$B18) -> Sandwich | D18: 1 | E18: =IF(OR($D18="ERROR",$D18="UNKNOWN",$D18=""),IFERROR(H18/G18,0),D18) -> 1 | F18: 4 | G18: =IF(OR($F18="ERROR",$F18="UNKNOWN",$F18=""),IFERROR(VLOOKUP($C18,'02_UnitPriceRef'!$E$3:$F$10,2,0),IF(OR($D18="Error",$D18="UNKNOWN",$D18=""),0,H18/D18)),$F18) -> 4 | H18: 4 | I18: =E18*G18 -> 4 | J18: N/A | K18: N/A | L18: 45087 | M18: =IF(OR(L18="UNKNOWN",L18="ERROR",L18=""),DATE(1900,1,1),L18) -> 45087
A19: TXN_6769710 | B19: Juice | C19: =IF(OR($B19="Unknown",$B19="Error",$B19=""),IFERROR(VLOOKUP($F19, '02_UnitPriceRef'!$F$3:$G$10,2,FALSE),"N/A"),$B19) -> Juice | D19: 2 | E19: =IF(OR($D19="ERROR",$D19="UNKNOWN",$D19=""),IFERROR(H19/G19,0),D19) -> 2 | F19: 3 | G19: =IF(OR($F19="ERROR",$F19="UNKNOWN",$F19=""),IFERROR(VLOOKUP($C19,'02_UnitPriceRef'!$E$3:$F$10,2,0),IF(OR($D19="Error",$D19="UNKNOWN",$D19=""),0,H19/D19)),$F19) -> 3 | H19: 6 | I19: =E19*G19 -> 6 | J19: Cash | K19: In-store | L19: 44981 | M19: =IF(OR(L19="UNKNOWN",L19="ERROR",L19=""),DATE(1900,1,1),L19) -> 44981
A20: TXN_8876618 | B20: Cake | C20: =IF(OR($B20="Unknown",$B20="Error",$B20=""),IFERROR(VLOOKUP($F20, '02_UnitPriceRef'!$F$3:$G$10,2,FALSE),"N/A"),$B20) -> Cake | D20: 5 | E20: =IF(OR($D20="ERROR",$D20="UNKNOWN",$D20=""),IFERROR(H20/G20,0),D20) -> 5 | F20: 3 | G20: =IF(OR($F20="ERROR",$F20="UNKNOWN",$F20=""),IFERROR(VLOOKUP($C20,'02_UnitPriceRef'!$E$3:$F$10,2,0),IF(OR($D20="Error",$D20="UNKNOWN",$D20=""),0,H20/D20)),$F20) -> 3 | H20: 15 | I20: =E20*G20 -> 15 | J20: Cash | K20: N/A | L20: 45010 | M20: =IF(OR(L20="UNKNOWN",L20="ERROR",L20=""),DATE(1900,1,1),L20) -> 45010
A21: TXN_3709394 | B21: Juice | C21: =IF(OR($B21="Unknown",$B21="Error",$B21=""),IFERROR(VLOOKUP($F21, '02_UnitPriceRef'!$F$3:$G$10,2,FALSE),"N/A"),$B21) -> Juice | D21: 4 | E21: =IF(OR($D21="ERROR",$D21="UNKNOWN",$D21=""),IFERROR(H21/G21,0),D21) -> 4 | F21: 3 | G21: =IF(OR($F21="ERROR",$F21="UNKNOWN",$F21=""),IFERROR(VLOOKUP($C21,'02_UnitPriceRef'!$E$3:$F$10,2,0),IF(OR($D21="Error",$D21="UNKNOWN",$D21=""),0,H21/D21)),$F21) -> 3 | H21: 12 | I21: =E21*G21 -> 12 | J21: Cash | K21: Takeaway | L21: 44941 | M21: =IF(OR(L21="UNKNOWN",L21="ERROR",L21=""),DATE(1900,1,1),L21) -> 44941
A22: TXN_3522028 | B22: Smoothie | C22: =IF(OR($B22="Unknown",$B22="Error",$B22=""),IFERROR(VLOOKUP($F22, '02_UnitPriceRef'!$F$3:$G$10,2,FALSE),"N/A"),$B22) -> Smoothie | D22: ERROR | E22: =IF(OR($D22="ERROR",$D22="UNKNOWN",$D22=""),IFERROR(H22/G22,0),D22) -> 5 | F22: 4 | G22: =IF(OR($F22="ERROR",$F22="UNKNOWN",$F22=""),IFERROR(VLOOKUP($C22,'02_UnitPriceRef'!$E$3:$F$10,2,0),IF(OR($D22="Error",$D22="UNKNOWN",$D22=""),0,H22/D22)),$F22) -> 4 | H22: 20 | I22: =E22*G22 -> 20 | J22: Cash | K22: In-store | L22: 45020 | M22: =IF(OR(L22="UNKNOWN",L22="ERROR",L22=""),DATE(1900,1,1),L22) -> 45020
A23: TXN_3567645 | B23: Smoothie | C23: =IF(OR($B23="Unknown",$B23="Error",$B23=""),IFERROR(VLOOKUP($F23, '02_UnitPriceRef'!$F$3:$G$10,2,FALSE),"N/A"),$B23) -> Smoothie | D23: 4 | E23: =IF(OR($D23="ERROR",$D23="UNKNOWN",$D23=""),IFERROR(H23/G23,0),D23) -> 4 | F23: 4 | G23: =IF(OR($F23="ERROR",$F23="UNKNOWN",$F23=""),IFERROR(VLOOKUP($C23,'02_UnitPriceRef'!$E$3:$F$10,2,0),IF(OR($D23="Error",$D23="UNKNOWN",$D23=""),0,H23/D23)),$F23) -> 4 | H23: 16 | I23: =E23*G23 -> 16 | J23: Credit Card | K23: Takeaway | L23: 45015 | M23: =IF(OR(L23="UNKNOWN",L23="ERROR",L23=""),DATE(1900,1,1),L23) -> 45015
A24: TXN_5132361 | B24: Sandwich | C24: =IF(OR($B24="Unknown",$B24="Error",$B24=""),IFERROR(VLOOKUP($F24, '02_UnitPriceRef'!$F$3:$G$10,2,FALSE),"N/A"),$B24) -> Sandwich | D24: 3 | E24: =IF(OR($D24="ERROR",$D24="UNKNOWN",$D24=""),IFERROR(H24/G24,0),D24) -> 3 | F24: 4 | G24: =IF(OR($F24="ERROR",$F24="UNKNOWN",$F24=""),IFERROR(VLOOKUP($C24,'02_UnitPriceRef'!$E$3:$F$10,2,0),IF(OR($D24="Error",$D24="UNKNOWN",$D24=""),0,H24/D24)),$F24) -> 4 | H24: 12 | I24: =E24*G24 -> 12 | J24: Digital Wallet | K24: Takeaway | L24: 45261 | M24: =IF(OR(L24="UNKNOWN",L24="ERROR",L24=""),DATE(1900,1,1),L24) -> 45261
A25: TXN_2616390 | B25: Sandwich | C25: =IF(OR($B25="Unknown",$B25="Error",$B25=""),IFERROR(VLOOKUP($F25, '02_UnitPriceRef'!$F$3:$G$10,2,FALSE),"N/A"),$B25) -> Sandwich | D25: 2 | E25: =IF(OR($D25="ERROR",$D25="UNKNOWN",$D25=""),IFERROR(H25/G25,0),D25) -> 2 | F25: 4 | G25: =IF(OR($F25="ERROR",$F25="UNKNOWN",$F25=""),IFERROR(VLOOKUP($C25,'02_UnitPriceRef'!$E$3:$F$10,2,0),IF(OR($D25="Error",$D25="UNKNOWN",$D25=""),0,H25/D25)),$F25) -> 4 | H25: 8 | I25: =E25*G25 -> 8 | J25: N/A | K25: N/A | L25: 45187 | M25: =IF(OR(L25="UNKNOWN",L25="ERROR",L25=""),DATE(1900,1,1),L25) -> 45187
A26: TXN_9400181 | B26: Sandwich | C26: =IF(OR($B26="Unknown",$B26="Error",$B26=""),IFERROR(VLOOKUP($F26, '02_UnitPriceRef'!$F$3:$G$10,2,FALSE),"N/A"),$B26) -> Sandwich | D26: 5 | E26: =IF(OR($D26="ERROR",$D26="UNKNOWN",$D26=""),IFERROR(H26/G26,0),D26) -> 5 | F26: 4 | G26: =IF(OR($F26="ERROR",$F26="UNKNOWN",$F26=""),IFERROR(VLOOKUP($C26,'02_UnitPriceRef'!$E$3:$F$10,2,0),IF(OR($D26="Error",$D26="UNKNOWN",$D26=""),0,H26/D26)),$F26) -> 4 | H26: 20 | I26: =E26*G26 -> 20 | J26: Cash | K26: In-store | L26: 45080 | M26: =IF(OR(L26="UNKNOWN",L26="ERROR",L26=""),DATE(1900,1,1),L26) -> 45080
A27: TXN_7958992 | B27: Smoothie | C27: =IF(OR($B27="Unknown",$B27="Error",$B27=""),IFERROR(VLOOKUP($F27, '02_UnitPriceRef'!$F$3:$G$10,2,FALSE),"N/A"),$B27) -> Smoothie | D27: 3 | E27: =IF(OR($D27="ERROR",$D27="UNKNOWN",$D27=""),IFERROR(H27/G27,0),D27) -> 3 | F27: 4 | G27: =IF(OR($F27="ERROR",$F27="UNKNOWN",$F27=""),IFERROR(VLOOKUP($C27,'02_UnitPriceRef'!$E$3:$F$10,2,0),IF(OR($D27="Error",$D27="UNKNOWN",$D27=""),0,H27/D27)),$F27) -> 4 | I27: =E27*G27 -> 12 | J27: N/A | K27: N/A | L27: 45273 | M27: =IF(OR(L27="UNKNOWN",L27="ERROR",L27=""),DATE(1900,1,1),L27) -> 45273
A28: TXN_5183041 | B28: Cookie | C28: =IF(OR($B28="Unknown",$B28="Error",$B28=""),IFERROR(VLOOKUP($F28, '02_UnitPriceRef'!$F$3:$G$10,2,FALSE),"N/A"),$B28) -> Cookie | D28: 5 | E28: =IF(OR($D28="ERROR",$D28="UNKNOWN",$D28=""),IFERROR(H28/G28,0),D28) -> 5 | F28: 1 | G28: =IF(OR($F28="ERROR",$F28="UNKNOWN",$F28=""),IFERROR(VLOOKUP($C28,'02_UnitPriceRef'!$E$3:$F$10,2,0),IF(OR($D28="Error",$D28="UNKNOWN",$D28=""),0,H28/D28)),$F28) -> 1 | H28: 5 | I28: =E28*G28 -> 5 | J28: Credit Card | K28: In-store | L28: 45036 | M28: =IF(OR(L28="UNKNOWN",L28="ERROR",L28=""),DATE(1900,1,1),L28) -> 45036
A29: TXN_5695074 | B29: Juice | C29: =IF(OR($B29="Unknown",$B29="Error",$B29=""),IFERROR(VLOOKUP($F29, '02_UnitPriceRef'!$F$3:$G$10,2,FALSE),"N/A"),$B29) -> Juice | D29: 4 | E29: =IF(OR($D29="ERROR",$D29="UNKNOWN",$D29=""),IFERROR(H29/G29,0),D29) -> 4 | F29: 3 | G29: =IF(OR($F29="ERROR",$F29="UNKNOWN",$F29=""),IFERROR(VLOOKUP($C29,'02_UnitPriceRef'!$E$3:$F$10,2,0),IF(OR($D29="Error",$D29="UNKNOWN",$D29=""),0,H29/D29)),$F29) -> 3 | H29: 12 | I29: =E29*G29 -> 12 | J29: Credit Card | K29: Takeaway | L29: 45026 | M29: =IF(OR(L29="UNKNOWN",L29="ERROR",L29=""),DATE(1900,1,1),L29) -> 45026
A30: TXN_8467949 | B30: Smoothie | C30: =IF(OR($B30="Unknown",$B30="Error",$B30=""),IFERROR(VLOOKUP($F30, '02_UnitPriceRef'!$F$3:$G$10,2,FALSE),"N/A"),$B30) -> Smoothie | D30: 5 | E30: =IF(OR($D30="ERROR",$D30="UNKNOWN",$D30=""),IFERROR(H30/G30,0),D30) -> 5 | F30: 4 | G30: =IF(OR($F30="ERROR",$F30="UNKNOWN",$F30=""),IFERROR(VLOOKUP($C30,'02_UnitPriceRef'!$E$3:$F$10,2,0),IF(OR($D30="Error",$D30="UNKNOWN",$D30=""),0,H30/D30)),$F30) -> 4 | H30: 20 | I30: =E30*G30 -> 20 | J30: Credit Card | K30: N/A | L30: 44996 | M30: =IF(OR(L30="UNKNOWN",L30="ERROR",L30=""),DATE(1900,1,1),L30) -> 44996
A31: TXN_7640952 | B31: Cake | C31: =IF(OR($B31="Unknown",$B31="Error",$B31=""),IFERROR(VLOOKUP($F31, '02_UnitPriceRef'!$F$3:$G$10,2,FALSE),"N/A"),$B31) -> Cake | D31: 4 | E31: =IF(OR($D31="ERROR",$D31="UNKNOWN",$D31=""),IFERROR(H31/G31,0),D31) -> 4 | F31: 3 | G31: =IF(OR($F31="ERROR",$F31="UNKNOWN",$F31=""),IFERROR(VLOOKUP($C31,'02_UnitPriceRef'!$E$3:$F$10,2,0),IF(OR($D31="Error",$D31="UNKNOWN",$D31=""),0,H31/D31)),$F31) -> 3 | H31: 12 | I31: =E31*G31 -> 12 | J31: Digital Wallet | K31: Takeaway | L31: ERROR | M31: =IF(OR(L31="UNKNOWN",L31="ERROR",L31=""),DATE(1900,1,1),L31) -> 1
A32: TXN_1736287 | C32: =IF(OR($B32="Unknown",$B32="Error",$B32=""),IFERROR(VLOOKUP($F32, '02_UnitPriceRef'!$F$3:$G$10,2,FALSE),"N/A"),$B32) -> Coffee | D32: 5 | E32: =IF(OR($D32="ERROR",$D32="UNKNOWN",$D32=""),IFERROR(H32/G32,0),D32) -> 5 | F32: 2 | G32: =IF(OR($F32="ERROR",$F32="UNKNOWN",$F32=""),IFERROR(VLOOKUP($C32,'02_UnitPriceRef'!$E$3:$F$10,2,0),IF(OR($D32="Error",$D32="UNKNOWN",$D32=""),0,H32/D32)),$F32) -> 2 | H32: 10 | I32: =E32*G32 -> 10 | J32: Digital Wallet | K32: N/A | L32: 45079 | M32: =IF(OR(L32="UNKNOWN",L32="ERROR",L32=""),DATE(1900,1,1),L32) -> 45079
A33: TXN_8927252 | B33: UNKNOWN | C33: =IF(OR($B33="Unknown",$B33="Error",$B33=""),IFERROR(VLOOKUP($F33, '02_UnitPriceRef'!$F$3:$G$10,2,FALSE),"N/A"),$B33) -> Cookie | D33: 2 | E33: =IF(OR($D33="ERROR",$D33="UNKNOWN",$D33=""),IFERROR(H33/G33,0),D33) -> 2 | F33: 1 | G33: =IF(OR($F33="ERROR",$F33="UNKNOWN",$F33=""),IFERROR(VLOOKUP($C33,'02_UnitPriceRef'!$E$3:$F$10,2,0),IF(OR($D33="Error",$D33="UNKNOWN",$D33=""),0,H33/D33)),$F33) -> 1 | H33: ERROR | I33: =E33*G33 -> 2 | J33: Credit Card | K33: N/A | L33: 45236 | M33: =IF(OR(L33="UNKNOWN",L33="ERROR",L33=""),DATE(1900,1,1),L33) -> 45236
A34: TXN_9677376 | B34: Smoothie | C34: =IF(OR($B34="Unknown",$B34="Error",$B34=""),IFERROR(VLOOKUP($F34, '02_UnitPriceRef'!$F$3:$G$10,2,FALSE),"N/A"),$B34) -> Smoothie | D34: 4 | E34: =IF(OR($D34="ERROR",$D34="UNKNOWN",$D34=""),IFERROR(H34/G34,0),D34) -> 4 | F34: 4 | G34: =IF(OR($F34="ERROR",$F34="UNKNOWN",$F34=""),IFERROR(VLOOKUP($C34,'02_UnitPriceRef'!$E$3:$F$10,2,0),IF(OR($D34="Error",$D34="UNKNOWN",$D34=""),0,H34/D34)),$F34) -> 4 | H34: 16 | I34: =E34*G34 -> 16 | J34: N/A | K34: In-store | L34: 45153 | M34: =IF(OR(L34="UNKNOWN",L34="ERROR",L34=""),DATE(1900,1,1),L34) -> 45153
A35: TXN_7710508 | B35: UNKNOWN | C35: =IF(OR($B35="Unknown",$B35="Error",$B35=""),IFERROR(VLOOKUP($F35, '02_UnitPriceRef'!$F$3:$G$10,2,FALSE),"N/A"),$B35) -> Cookie | D35: 5 | E35: =IF(OR($D35="ERROR",$D35="UNKNOWN",$D35=""),IFERROR(H35/G35,0),D35) -> 5 | F35: 1 | G35: =IF(OR($F35="ERROR",$F35="UNKNOWN",$F35=""),IFERROR(VLOOKUP($C35,'02_UnitPriceRef'!$E$3:$F$10,2,0),IF(OR($D35="Error",$D35="UNKNOWN",$D35=""),0,H35/D35)),$F35) -> 1 | H35: 5 | I35: =E35*G35 -> 5 | J35: Cash | K35: N/A | L35: ERROR | M35: =IF(OR(L35="UNKNOWN",L35="ERROR",L35=""),DATE(1900,1,1),L35) -> 1
A36: TXN_8853997 | B36: Smoothie | C36: =IF(OR($B36="Unknown",$B36="Error",$B36=""),IFERROR(VLOOKUP($F36, '02_UnitPriceRef'!$F$3:$G$10,2,FALSE),"N/A"),$B36) -> Smoothie | D36: 2 | E36: =IF(OR($D36="ERROR",$D36="UNKNOWN",$D36=""),IFERROR(H36/G36,0),D36) -> 2 | F36: 4 | G36: =IF(OR($F36="ERROR",$F36="UNKNOWN",$F36=""),IFERROR(VLOOKUP($C36,'02_UnitPriceRef'!$E$3:$F$10,2,0),IF(OR($D36="Error",$D36="UNKNOWN",$D36=""),0,H36/D36)),$F36) -> 4 | H36: 8 | I36: =E36*G36 -> 8 | J36: Digital Wallet | K36: Takeaway | L36: 45208 | M36: =IF(OR(L36="UNKNOWN",L36="ERROR",L36=""),DATE(1900,1,1),L36) -> 45208
A37: TXN_9130559 | B37: Sandwich | C37: =IF(OR($B37="Unknown",$B37="Error",$B37=""),IFERROR(VLOOKUP($F37, '02_UnitPriceRef'!$F$3:$G$10,2,FALSE),"N/A"),$B37) -> Sandwich | D37: 1 | E37: =IF(OR($D37="ERROR",$D37="UNKNOWN",$D37=""),IFERROR(H37/G37,0),D37) -> 1 | F37: 4 | G37: =IF(OR($F37="ERROR",$F37="UNKNOWN",$F37=""),IFERROR(VLOOKUP($C37,'02_UnitPriceRef'!$E$3:$F$10,2,0),IF(OR($D37="Error",$D37="UNKNOWN",$D37=""),0,H37/D37)),$F37) -> 4 | H37: 4 | I37: =E37*G37 -> 4 | J37: Credit Card | K37: N/A | L37: 45074 | M37: =IF(OR(L37="UNKNOWN",L37="ERROR",L37=""),DATE(1900,1,1),L37) -> 45074
A38: TXN_6855453 | B38: UNKNOWN | C38: =IF(OR($B38="Unknown",$B38="Error",$B38=""),IFERROR(VLOOKUP($F38, '02_UnitPriceRef'!$F$3:$G$10,2,FALSE),"N/A"),$B38) -> Cake | D38: 4 | E38: =IF(OR($D38="ERROR",$D38="UNKNOWN",$D38=""),IFERROR(H38/G38,0),D38) -> 4 | F38: 3 | G38: =IF(OR($F38="ERROR",$F38="UNKNOWN",$F38=""),IFERROR(VLOOKUP($C38,'02_UnitPriceRef'!$E$3:$F$10,2,0),IF(OR($D38="Error",$D38="UNKNOWN",$D38=""),0,H38/D38)),$F38) -> 3 | H38: 12 | I38: =E38*G38 -> 12 | J38: N/A | K38: In-store | L38: 45124 | M38: =IF(OR(L38="UNKNOWN",L38="ERROR",L38=""),DATE(1900,1,1),L38) -> 45124
A39: TXN_1080432 | B39: Salad | C39: =IF(OR($B39="Unknown",$B39="Error",$B39=""),IFERROR(VLOOKUP($F39, '02_UnitPriceRef'!$F$3:$G$10,2,FALSE),"N/A"),$B39) -> Salad | D39: 2 | E39: =IF(OR($D39="ERROR",$D39="UNKNOWN",$D39=""),IFERROR(H39/G39,0),D39) -> 2 | F39: 5 | G39: =IF(OR($F39="ERROR",$F39="UNKNOWN",$F39=""),IFERROR(VLOOKUP($C39,'02_UnitPriceRef'!$E$3:$F$10,2,0),IF(OR($D39="Error",$D39="UNKNOWN",$D39=""),0,H39/D39)),$F39) -> 5 | H39: 10 | I39: =E39*G39 -> 10 | J39: Credit Card | K39: In-store | L39: 45045 | M39: =IF(OR(L39="UNKNOWN",L39="ERROR",L39=""),DATE(1900,1,1),L39) -> 45045
A40: TXN_2655815 | B40: Smoothie | C40: =IF(OR($B40="Unknown",$B40="Error",$B40=""),IFERROR(VLOOKUP($F40, '02_UnitPriceRef'!$F$3:$G$10,2,FALSE),"N/A"),$B40) -> Smoothie | D40: 4 | E40: =IF(OR($D40="ERROR",$D40="UNKNOWN",$D40=""),IFERROR(H40/G40,0),D40) -> 4 | F40: 4 | G40: =IF(OR($F40="ERROR",$F40="UNKNOWN",$F40=""),IFERROR(VLOOKUP($C40,'02_UnitPriceRef'!$E$3:$F$10,2,0),IF(OR($D40="Error",$D40="UNKNOWN",$D40=""),0,H40/D40)),$F40) -> 4 | H40: 16 | I40: =E40*G40 -> 16 | J40: N/A | K40: Takeaway | L40: 45085 | M40: =IF(OR(L40="UNKNOWN",L40="ERROR",L40=""),DATE(1900,1,1),L40) -> 45085
A41: TXN_6688524 | B41: Coffee | C41: =IF(OR($B41="Unknown",$B41="Error",$B41=""),IFERROR(VLOOKUP($F41, '02_UnitPriceRef'!$F$3:$G$10,2,FALSE),"N/A"),$B41) -> Coffee | D41: 4 | E41: =IF(OR($D41="ERROR",$D41="UNKNOWN",$D41=""),IFERROR(H41/G41,0),D41) -> 4 | F41: 2 | G41: =IF(OR($F41="ERROR",$F41="UNKNOWN",$F41=""),IFERROR(VLOOKUP($C41,'02_UnitPriceRef'!$E$3:$F$10,2,0),IF(OR($D41="Error",$D41="UNKNOWN",$D41=""),0,H41/D41)),$F41) -> 2 | H41: 8 | I41: =E41*G41 -> 8 | J41: N/A | K41: N/A | L41: 45106 | M41: =IF(OR(L41="UNKNOWN",L41="ERROR",L41=""),DATE(1900,1,1),L41) -> 45106
A42: TXN_2083138 | B42: Smoothie | C42: =IF(OR($B42="Unknown",$B42="Error",$B42=""),IFERROR(VLOOKUP($F42, '02_UnitPriceRef'!$F$3:$G$10,2,FALSE),"N/A"),$B42) -> Smoothie | D42: 3 | E42: =IF(OR($D42="ERROR",$D42="UNKNOWN",$D42=""),IFERROR(H42/G42,0),D42) -> 3 | F42: 4 | G42: =IF(OR($F42="ERROR",$F42="UNKNOWN",$F42=""),IFERROR(VLOOKUP($C42,'02_UnitPriceRef'!$E$3:$F$10,2,0),IF(OR($D42="Error",$D42="UNKNOWN",$D42=""),0,H42/D42)),$F42) -> 4 | H42: 12 | I42: =E42*G42 -> 12 | J42: N/A | K42: In-store | L42: 45033 | M42: =IF(OR(L42="UNKNOWN",L42="ERROR",L42=""),DATE(1900,1,1),L42) -> 45033
A43: TXN_2427584 | B43: Sandwich | C43: =IF(OR($B43="Unknown",$B43="Error",$B43=""),IFERROR(VLOOKUP($F43, '02_UnitPriceRef'!$F$3:$G$10,2,FALSE),"N/A"),$B43) -> Sandwich | D43: 4 | E43: =IF(OR($D43="ERROR",$D43="UNKNOWN",$D43=""),IFERROR(H43/G43,0),D43) -> 4 | F43: 4 | G43: =IF(OR($F43="ERROR",$F43="UNKNOWN",$F43=""),IFERROR(VLOOKUP($C43,'02_UnitPriceRef'!$E$3:$F$10,2,0),IF(OR($D43="Error",$D43="UNKNOWN",$D43=""),0,H43/D43)),$F43) -> 4 | H43: 16 | I43: =E43*G43 -> 16 | J43: N/A | K43: Takeaway | L43: 45282 | M43: =IF(OR(L43="UNKNOWN",L43="ERROR",L43=""),DATE(1900,1,1),L43) -> 45282
A44: TXN_6650263 | B44: Tea | C44: =IF(OR($B44="Unknown",$B44="Error",$B44=""),IFERROR(VLOOKUP($F44, '02_UnitPriceRef'!$F$3:$G$10,2,FALSE),"N/A"),$B44) -> Tea | D44: 2 | E44: =IF(OR($D44="ERROR",$D44="UNKNOWN",$D44=""),IFERROR(H44/G44,0),D44) -> 2 | F44: 1.5 | G44: =IF(OR($F44="ERROR",$F44="UNKNOWN",$F44=""),IFERROR(VLOOKUP($C44,'02_UnitPriceRef'!$E$3:$F$10,2,0),IF(OR($D44="Error",$D44="UNKNOWN",$D44=""),0,H44/D44)),$F44) -> 1.5 | H44: UNKNOWN | I44: =E44*G44 -> 3 | J44: N/A | K44: Takeaway | L44: 44936 | M44: =IF(OR(L44="UNKNOWN",L44="ERROR",L44=""),DATE(1900,1,1),L44) -> 44936
A45: TXN_9620080 | B45: Juice | C45: =IF(OR($B45="Unknown",$B45="Error",$B45=""),IFERROR(VLOOKUP($F45, '02_UnitPriceRef'!$F$3:$G$10,2,FALSE),"N/A"),$B45) -> Juice | D45: 4 | E45: =IF(OR($D45="ERROR",$D45="UNKNOWN",$D45=""),IFERROR(H45/G45,0),D45) -> 4 | F45: 3 | G45: =IF(OR($F45="ERROR",$F45="UNKNOWN",$F45=""),IFERROR(VLOOKUP($C45,'02_UnitPriceRef'!$E$3:$F$10,2,0),IF(OR($D45="Error",$D45="UNKNOWN",$D45=""),0,H45/D45)),$F45) -> 3 | H45: 12 | I45: =E45*G45 -> 12 | J45: N/A | K45: Takeaway | L45: 45201 | M45: =IF(OR(L45="UNKNOWN",L45="ERROR",L45=""),DATE(1900,1,1),L45) -> 45201
A46: TXN_1491578 | B46: Cookie | C46: =IF(OR($B46="Unknown",$B46="Error",$B46=""),IFERROR(VLOOKUP($F46, '02_UnitPriceRef'!$F$3:$G$10,2,FALSE),"N/A"),$B46) -> Cookie | D46: 2 | E46: =IF(OR($D46="ERROR",$D46="UNKNOWN",$D46=""),IFERROR(H46/G46,0),D46) -> 2 | F46: 1 | G46: =IF(OR($F46="ERROR",$F46="UNKNOWN",$F46=""),IFERROR(VLOOKUP($C46,'02_UnitPriceRef'!$E$3:$F$10,2,0),IF(OR($D46="Error",$D46="UNKNOWN",$D46=""),0,H46/D46)),$F46) -> 1 | H46: 2 | I46: =E46*G46 -> 2 | J46: N/A | K46: N/A | L46: 44980 | M46: =IF(OR(L46="UNKNOWN",L46="ERROR",L46=""),DATE(1900,1,1),L46) -> 44980
A47: TXN_5455792 | B47: Salad | C47: =IF(OR($B47="Unknown",$B47="Error",$B47=""),IFERROR(VLOOKUP($F47, '02_UnitPriceRef'!$F$3:$G$10,2,FALSE),"N/A"),$B47) -> Salad | D47: 3 | E47: =IF(OR($D47="ERROR",$D47="UNKNOWN",$D47=""),IFERROR(H47/G47,0),D47) -> 3 | F47: 5 | G47: =IF(OR($F47="ERROR",$F47="UNKNOWN",$F47=""),IFERROR(VLOOKUP($C47,'02_UnitPriceRef'!$E$3:$F$10,2,0),IF(OR($D47="Error",$D47="UNKNOWN",$D47=""),0,H47/D47)),$F47) -> 5 | H47: 15 | I47: =E47*G47 -> 15 | J47: Cash | K47: N/A | L47: 45007 | M47: =IF(OR(L47="UNKNOWN",L47="ERROR",L47=""),DATE(1900,1,1),L47) -> 45007
A48: TXN_8078640 | B48: Juice | C48: =IF(OR($B48="Unknown",$B48="Error",$B48=""),IFERROR(VLOOKUP($F48, '02_UnitPriceRef'!$F$3:$G$10,2,FALSE),"N/A"),$B48) -> Juice | D48: 4 | E48: =IF(OR($D48="ERROR",$D48="UNKNOWN",$D48=""),IFERROR(H48/G48,0),D48) -> 4 | F48: 3 | G48: =IF(OR($F48="ERROR",$F48="UNKNOWN",$F48=""),IFERROR(VLOOKUP($C48,'02_UnitPriceRef'!$E$3:$F$10,2,0),IF(OR($D48="Error",$D48="UNKNOWN",$D48=""),0,H48/D48)),$F48) -> 3 | H48: 12 | I48: =E48*G48 -> 12 | J48: Digital Wallet | K48: In-store | L48: 45233 | M48: =IF(OR(L48="UNKNOWN",L48="ERROR",L48=""),DATE(1900,1,1),L48) -> 45233
A49: TXN_9499313 | B49: Juice | C49: =IF(OR($B49="Unknown",$B49="Error",$B49=""),IFERROR(VLOOKUP($F49, '02_UnitPriceRef'!$F$3:$G$10,2,FALSE),"N/A"),$B49) -> Juice | D49: 5 | E49: =IF(OR($D49="ERROR",$D49="UNKNOWN",$D49=""),IFERROR(H49/G49,0),D49) -> 5 | F49: 3 | G49: =IF(OR($F49="ERROR",$F49="UNKNOWN",$F49=""),IFERROR(VLOOKUP($C49,'02_UnitPriceRef'!$E$3:$F$10,2,0),IF(OR($D49="Error",$D49="UNKNOWN",$D49=""),0,H49/D49)),$F49) -> 3 | H49: 15 | I49: =E49*G49 -> 15 | J49: N/A | K49: N/A | L49: 44987 | M49: =IF(OR(L49="UNKNOWN",L49="ERROR",L49=""),DATE(1900,1,1),L49) -> 44987
A50: TXN_8201146 | B50: Juice | C50: =IF(OR($B50="Unknown",$B50="Error",$B50=""),IFERROR(VLOOKUP($F50, '02_UnitPriceRef'!$F$3:$G$10,2,FALSE),"N/A"),$B50) -> Juice | D50: 5 | E50: =IF(OR($D50="ERROR",$D50="UNKNOWN",$D50=""),IFERROR(H50/G50,0),D50) -> 5 | F50: 3 | G50: =IF(OR($F50="ERROR",$F50="UNKNOWN",$F50=""),IFERROR(VLOOKUP($C50,'02_UnitPriceRef'!$E$3:$F$10,2,0),IF(OR($D50="Error",$D50="UNKNOWN",$D50=""),0,H50/D50)),$F50) -> 3 | H50: 15 | I50: =E50*G50 -> 15 | J50: Cash | K50: N/A | L50: 45103 | M50: =IF(OR(L50="UNKNOWN",L50="ERROR",L50=""),DATE(1900,1,1),L50) -> 45103
A51: TXN_8230936 | B51: Cake | C51: =IF(OR($B51="Unknown",$B51="Error",$B51=""),IFERROR(VLOOKUP($F51, '02_UnitPriceRef'!$F$3:$G$10,2,FALSE),"N/A"),$B51) -> Cake | D51: 3 | E51: =IF(OR($D51="ERROR",$D51="UNKNOWN",$D51=""),IFERROR(H51/G51,0),D51) -> 3 | F51: 3 | G51: =IF(OR($F51="ERROR",$F51="UNKNOWN",$F51=""),IFERROR(VLOOKUP($C51,'02_UnitPriceRef'!$E$3:$F$10,2,0),IF(OR($D51="Error",$D51="UNKNOWN",$D51=""),0,H51/D51)),$F51) -> 3 | H51: 9 | I51: =E51*G51 -> 9 | J51: N/A | K51: N/A | L51: 45048 | M51: =IF(OR(L51="UNKNOWN",L51="ERROR",L51=""),DATE(1900,1,1),L51) -> 45048
A52: TXN_7742742 | B52: Cake | C52: =IF(OR($B52="Unknown",$B52="Error",$B52=""),IFERROR(VLOOKUP($F52, '02_UnitPriceRef'!$F$3:$G$10,2,FALSE),"N/A"),$B52) -> Cake | D52: 5 | E52: =IF(OR($D52="ERROR",$D52="UNKNOWN",$D52=""),IFERROR(H52/G52,0),D52) -> 5 | F52: 3 | G52: =IF(OR($F52="ERROR",$F52="UNKNOWN",$F52=""),IFERROR(VLOOKUP($C52,'02_UnitPriceRef'!$E$3:$F$10,2,0),IF(OR($D52="Error",$D52="UNKNOWN",$D52=""),0,H52/D52)),$F52) -> 3 | H52: 15 | I52: =E52*G52 -> 15 | J52: N/A | K52: Takeaway | L52: 45174 | M52: =IF(OR(L52="UNKNOWN",L52="ERROR",L52=""),DATE(1900,1,1),L52) -> 45174
A53: TXN_6342161 | B53: Salad | C53: =IF(OR($B53="Unknown",$B53="Error",$B53=""),IFERROR(VLOOKUP($F53, '02_UnitPriceRef'!$F$3:$G$10,2,FALSE),"N/A"),$B53) -> Salad | D53: 5 | E53: =IF(OR($D53="ERROR",$D53="UNKNOWN",$D53=""),IFERROR(H53/G53,0),D53) -> 5 | F53: 5 | G53: =IF(OR($F53="ERROR",$F53="UNKNOWN",$F53=""),IFERROR(VLOOKUP($C53,'02_UnitPriceRef'!$E$3:$F$10,2,0),IF(OR($D53="Error",$D53="UNKNOWN",$D53=""),0,H53/D53)),$F53) -> 5 | H53: 25 | I53: =E53*G53 -> 25 | J53: N/A | K53: Takeaway | L53: 44934 | M53: =IF(OR(L53="UNKNOWN",L53="ERROR",L53=""),DATE(1900,1,1),L53) -> 44934
A54: TXN_8914892 | B54: UNKNOWN | C54: =IF(OR($B54="Unknown",$B54="Error",$B54=""),IFERROR(VLOOKUP($F54, '02_UnitPriceRef'!$F$3:$G$10,2,FALSE),"N/A"),$B54) -> Salad | D54: 5 | E54: =IF(OR($D54="ERROR",$D54="UNKNOWN",$D54=""),IFERROR(H54/G54,0),D54) -> 5 | F54: 5 | G54: =IF(OR($F54="ERROR",$F54="UNKNOWN",$F54=""),IFERROR(VLOOKUP($C54,'02_UnitPriceRef'!$E$3:$F$10,2,0),IF(OR($D54="Error",$D54="UNKNOWN",$D54=""),0,H54/D54)),$F54) -> 5 | H54: 25 | I54: =E54*G54 -> 25 | J54: Digital Wallet | K54: N/A | L54: 45000 | M54: =IF(OR(L54="UNKNOWN",L54="ERROR",L54=""),DATE(1900,1,1),L54) -> 45000
A55: TXN_3363746 | B55: Smoothie | C55: =IF(OR($B55="Unknown",$B55="Error",$B55=""),IFERROR(VLOOKUP($F55, '02_UnitPriceRef'!$F$3:$G$10,2,FALSE),"N/A"),$B55) -> Smoothie | D55: 3 | E55: =IF(OR($D55="ERROR",$D55="UNKNOWN",$D55=""),IFERROR(H55/G55,0),D55) -> 3 | F55: 4 | G55: =IF(OR($F55="ERROR",$F55="UNKNOWN",$F55=""),IFERROR(VLOOKUP($C55,'02_UnitPriceRef'!$E$3:$F$10,2,0),IF(OR($D55="Error",$D55="UNKNOWN",$D55=""),0,H55/D55)),$F55) -> 4 | H55: 12 | I55: =E55*G55 -> 12 | J55: Credit Card | K55: N/A | L55: 45255 | M55: =IF(OR(L55="UNKNOWN",L55="ERROR",L55=""),DATE(1900,1,1),L55) -> 45255
A56: TXN_8614868 | B56: Smoothie | C56: =IF(OR($B56="Unknown",$B56="Error",$B56=""),IFERROR(VLOOKUP($F56, '02_UnitPriceRef'!$F$3:$G$10,2,FALSE),"N/A"),$B56) -> Smoothie | D56: 5 | E56: =IF(OR($D56="ERROR",$D56="UNKNOWN",$D56=""),IFERROR(H56/G56,0),D56) -> 5 | F56: 4 | G56: =IF(OR($F56="ERROR",$F56="UNKNOWN",$F56=""),IFERROR(VLOOKUP($C56,'02_UnitPriceRef'!$E$3:$F$10,2,0),IF(OR($D56="Error",$D56="UNKNOWN",$D56=""),0,H56/D56)),$F56) -> 4 | H56: 20 | I56: =E56*G56 -> 20 | J56: Digital Wallet | K56: Takeaway | L56: 45265 | M56: =IF(OR(L56="UNKNOWN",L56="ERROR",L56=""),DATE(1900,1,1),L56) -> 45265
A57: TXN_5522862 | B57: Cookie | C57: =IF(OR($B57="Unknown",$B57="Error",$B57=""),IFERROR(VLOOKUP($F57, '02_UnitPriceRef'!$F$3:$G$10,2,FALSE),"N/A"),$B57) -> Cookie | D57: ERROR | E57: =IF(OR($D57="ERROR",$D57="UNKNOWN",$D57=""),IFERROR(H57/G57,0),D57) -> 2 | F57: 1 | G57: =IF(OR($F57="ERROR",$F57="UNKNOWN",$F57=""),IFERROR(VLOOKUP($C57,'02_UnitPriceRef'!$E$3:$F$10,2,0),IF(OR($D57="Error",$D57="UNKNOWN",$D57=""),0,H57/D57)),$F57) -> 1 | H57: 2 | I57: =E57*G57 -> 2 | J57: Credit Card | K57: Takeaway | L57: 45004 | M57: =IF(OR(L57="UNKNOWN",L57="ERROR",L57=""),DATE(1900,1,1),L57) -> 45004
A58: TXN_3578141 | B58: Cake | C58: =IF(OR($B58="Unknown",$B58="Error",$B58=""),IFERROR(VLOOKUP($F58, '02_UnitPriceRef'!$F$3:$G$10,2,FALSE),"N/A"),$B58) -> Cake | D58: 5 | E58: =IF(OR($D58="ERROR",$D58="UNKNOWN",$D58=""),IFERROR(H58/G58,0),D58) -> 5 | G58: =IF(OR($F58="ERROR",$F58="UNKNOWN",$F58=""),IFERROR(VLOOKUP($C58,'02_UnitPriceRef'!$E$3:$F$10,2,0),IF(OR($D58="Error",$D58="UNKNOWN",$D58=""),0,H58/D58)),$F58) -> 3 | H58: 15 | I58: =E58*G58 -> 15 | J58: N/A | K58: Takeaway | L58: 45104 | M58: =IF(OR(L58="UNKNOWN",L58="ERROR",L58=""),DATE(1900,1,1),L58) -> 45104
A59: TXN_2080895 | B59: Cake | C59: =IF(OR($B59="Unknown",$B59="Error",$B59=""),IFERROR(VLOOKUP($F59, '02_UnitPriceRef'!$F$3:$G$10,2,FALSE),"N/A"),$B59) -> Cake | D59: UNKNOWN | E59: =IF(OR($D59="ERROR",$D59="UNKNOWN",$D59=""),IFERROR(H59/G59,0),D59) -> 1 | F59: 3 | G59: =IF(OR($F59="ERROR",$F59="UNKNOWN",$F59=""),IFERROR(VLOOKUP($C59,'02_UnitPriceRef'!$E$3:$F$10,2,0),IF(OR($D59="Error",$D59="UNKNOWN",$D59=""),0,H59/D59)),$F59) -> 3 | H59: 3 | I59: =E59*G59 -> 3 | J59: Digital Wallet | K59: In-store | L59: 45035 | M59: =IF(OR(L59="UNKNOWN",L59="ERROR",L59=""),DATE(1900,1,1),L59) -> 45035
A60: TXN_6421134 | B60: Sandwich | C60: =IF(OR($B60="Unknown",$B60="Error",$B60=""),IFERROR(VLOOKUP($F60, '02_UnitPriceRef'!$F$3:$G$10,2,FALSE),"N/A"),$B60) -> Sandwich | D60: 4 | E60: =IF(OR($D60="ERROR",$D60="UNKNOWN",$D60=""),IFERROR(H60/G60,0),D60) -> 4 | F60: 4 | G60: =IF(OR($F60="ERROR",$F60="UNKNOWN",$F60=""),IFERROR(VLOOKUP($C60,'02_UnitPriceRef'!$E$3:$F$10,2,0),IF(OR($D60="Error",$D60="UNKNOWN",$D60=""),0,H60/D60)),$F60) -> 4 | H60: 16 | I60: =E60*G60 -> 16 | J60: Cash | K60: Takeaway | L60: 45233 | M60: =IF(OR(L60="UNKNOWN",L60="ERROR",L60=""),DATE(1900,1,1),L60) -> 45233
A61: TXN_8813311 | B61: Juice | C61: =IF(OR($B61="Unknown",$B61="Error",$B61=""),IFERROR(VLOOKUP($F61, '02_UnitPriceRef'!$F$3:$G$10,2,FALSE),"N/A"),$B61) -> Juice | D61: 5 | E61: =IF(OR($D61="ERROR",$D61="UNKNOWN",$D61=""),IFERROR(H61/G61,0),D61) -> 5 | F61: 3 | G61: =IF(OR($F61="ERROR",$F61="UNKNOWN",$F61=""),IFERROR(VLOOKUP($C61,'02_UnitPriceRef'!$E$3:$F$10,2,0),IF(OR($D61="Error",$D61="UNKNOWN",$D61=""),0,H61/D61)),$F61) -> 3 | H61: 15 | I61: =E61*G61 -> 15 | J61: N/A | K61: In-store | L61: 45206 | M61: =IF(OR(L61="UNKNOWN",L61="ERROR",L61=""),DATE(1900,1,1),L61) -> 45206
A62: TXN_9023317 | B62: Salad | C62: =IF(OR($B62="Unknown",$B62="Error",$B62=""),IFERROR(VLOOKUP($F62, '02_UnitPriceRef'!$F$3:$G$10,2,FALSE),"N/A"),$B62) -> Salad | D62: 1 | E62: =IF(OR($D62="ERROR",$D62="UNKNOWN",$D62=""),IFERROR(H62/G62,0),D62) -> 1 | F62: 5 | G62: =IF(OR($F62="ERROR",$F62="UNKNOWN",$F62=""),IFERROR(VLOOKUP($C62,'02_UnitPriceRef'!$E$3:$F$10,2,0),IF(OR($D62="Error",$D62="UNKNOWN",$D62=""),0,H62/D62)),$F62) -> 5 | H62: 5 | I62: =E62*G62 -> 5 | J62: N/A | K62: N/A | L62: 45199 | M62: =IF(OR(L62="UNKNOWN",L62="ERROR",L62=""),DATE(1900,1,1),L62) -> 45199
A63: TXN_8051289 | C63: =IF(OR($B63="Unknown",$B63="Error",$B63=""),IFERROR(VLOOKUP($F63, '02_UnitPriceRef'!$F$3:$G$10,2,FALSE),"N/A"),$B63) -> Cake | D63: 1 | E63: =IF(OR($D63="ERROR",$D63="UNKNOWN",$D63=""),IFERROR(H63/G63,0),D63) -> 1 | F63: 3 | G63: =IF(OR($F63="ERROR",$F63="UNKNOWN",$F63=""),IFERROR(VLOOKUP($C63,'02_UnitPriceRef'!$E$3:$F$10,2,0),IF(OR($D63="Error",$D63="UNKNOWN",$D63=""),0,H63/D63)),$F63) -> 3 | H63: 3 | I63: =E63*G63 -> 3 | J63: N/A | K63: In-store | L63: 45208 | M63: =IF(OR(L63="UNKNOWN",L63="ERROR",L63=""),DATE(1900,1,1),L63) -> 45208
A64: TXN_2537617 | B64: Sandwich | C64: =IF(OR($B64="Unknown",$B64="Error",$B64=""),IFERROR(VLOOKUP($F64, '02_UnitPriceRef'!$F$3:$G$10,2,FALSE),"N/A"),$B64) -> Sandwich | D64: 1 | E64: =IF(OR($D64="ERROR",$D64="UNKNOWN",$D64=""),IFERROR(H64/G64,0),D64) -> 1 | F64: 4 | G64: =IF(OR($F64="ERROR",$F64="UNKNOWN",$F64=""),IFERROR(VLOOKUP($C64,'02_UnitPriceRef'!$E$3:$F$10,2,0),IF(OR($D64="Error",$D64="UNKNOWN",$D64=""),0,H64/D64)),$F64) -> 4 | H64: 4 | I64: =E64*G64 -> 4 | J64: Cash | K64: N/A | L64: 45073 | M64: =IF(OR(L64="UNKNOWN",L64="ERROR",L64=""),DATE(1900,1,1),L64) -> 45073
A65: TXN_9099694 | B65: UNKNOWN | C65: =IF(OR($B65="Unknown",$B65="Error",$B65=""),IFERROR(VLOOKUP($F65, '02_UnitPriceRef'!$F$3:$G$10,2,FALSE),"N/A"),$B65) -> Salad | D65: 3 | E65: =IF(OR($D65="ERROR",$D65="UNKNOWN",$D65=""),IFERROR(H65/G65,0),D65) -> 3 | F65: 5 | G65: =IF(OR($F65="ERROR",$F65="UNKNOWN",$F65=""),IFERROR(VLOOKUP($C65,'02_UnitPriceRef'!$E$3:$F$10,2,0),IF(OR($D65="Error",$D65="UNKNOWN",$D65=""),0,H65/D65)),$F65) -> 5 | H65: 15 | I65: =E65*G65 -> 15 | J65: N/A | K65: Takeaway | L65: 45248 | M65: =IF(OR(L65="UNKNOWN",L65="ERROR",L65=""),DATE(1900,1,1),L65) -> 45248
A66: TXN_9230615 | B66: Smoothie | C66: =IF(OR($B66="Unknown",$B66="Error",$B66=""),IFERROR(VLOOKUP($F66, '02_UnitPriceRef'!$F$3:$G$10,2,FALSE),"N/A"),$B66) -> Smoothie | D66: 4 | E66: =IF(OR($D66="ERROR",$D66="UNKNOWN",$D66=""),IFERROR(H66/G66,0),D66) -> 4 | F66: 4 | G66: =IF(OR($F66="ERROR",$F66="UNKNOWN",$F66=""),IFERROR(VLOOKUP($C66,'02_UnitPriceRef'!$E$3:$F$10,2,0),IF(OR($D66="Error",$D66="UNKNOWN",$D66=""),0,H66/D66)),$F66) -> 4 | H66: 16 | I66: =E66*G66 -> 16 | J66: Digital Wallet | K66: N/A | L66: 45078 | M66: =IF(OR(L66="UNKNOWN",L66="ERROR",L66=""),DATE(1900,1,1),L66) -> 45078
A67: TXN_4987129 | B67: Sandwich | C67: =IF(OR($B67="Unknown",$B67="Error",$B67=""),IFERROR(VLOOKUP($F67, '02_UnitPriceRef'!$F$3:$G$10,2,FALSE),"N/A"),$B67) -> Sandwich | D67: 3 | E67: =IF(OR($D67="ERROR",$D67="UNKNOWN",$D67=""),IFERROR(H67/G67,0),D67) -> 3 | G67: =IF(OR($F67="ERROR",$F67="UNKNOWN",$F67=""),IFERROR(VLOOKUP($C67,'02_UnitPriceRef'!$E$3:$F$10,2,0),IF(OR($D67="Error",$D67="UNKNOWN",$D67=""),0,H67/D67)),$F67) -> 4 | I67: =E67*G67 -> 12 | J67: N/A | K67: In-store | L67: 45219 | M67: =IF(OR(L67="UNKNOWN",L67="ERROR",L67=""),DATE(1900,1,1),L67) -> 45219
A68: TXN_8501819 | B68: Juice | C68: =IF(OR($B68="Unknown",$B68="Error",$B68=""),IFERROR(VLOOKUP($F68, '02_UnitPriceRef'!$F$3:$G$10,2,FALSE),"N/A"),$B68) -> Juice | E68: =IF(OR($D68="ERROR",$D68="UNKNOWN",$D68=""),IFERROR(H68/G68,0),D68) -> 2 | F68: 3 | G68: =IF(OR($F68="ERROR",$F68="UNKNOWN",$F68=""),IFERROR(VLOOKUP($C68,'02_UnitPriceRef'!$E$3:$F$10,2,0),IF(OR($D68="Error",$D68="UNKNOWN",$D68=""),0,H68/D68)),$F68) -> 3 | H68: 6 | I68: =E68*G68 -> 6 | J68: Cash | K68: N/A | L68: 45015 | M68: =IF(OR(L68="UNKNOWN",L68="ERROR",L68=""),DATE(1900,1,1),L68) -> 45015
A69: TXN_3068204 | B69: Cookie | C69: =IF(OR($B69="Unknown",$B69="Error",$B69=""),IFERROR(VLOOKUP($F69, '02_UnitPriceRef'!$F$3:$G$10,2,FALSE),"N/A"),$B69) -> Cookie | D69: 1 | E69: =IF(OR($D69="ERROR",$D69="UNKNOWN",$D69=""),IFERROR(H69/G69,0),D69) -> 1 | F69: 1 | G69: =IF(OR($F69="ERROR",$F69="UNKNOWN",$F69=""),IFERROR(VLOOKUP($C69,'02_UnitPriceRef'!$E$3:$F$10,2,0),IF(OR($D69="Error",$D69="UNKNOWN",$D69=""),0,H69/D69)),$F69) -> 1 | H69: 1 | I69: =E69*G69 -> 1 | J69: Credit Card | K69: Takeaway | L69: 45202 | M69: =IF(OR(L69="UNKNOWN",L69="ERROR",L69=""),DATE(1900,1,1),L69) -> 45202
A70: TXN_8427104 | B70: Salad | C70: =IF(OR($B70="Unknown",$B70="Error",$B70=""),IFERROR(VLOOKUP($F70, '02_UnitPriceRef'!$F$3:$G$10,2,FALSE),"N/A"),$B70) -> Salad | D70: 2 | E70: =IF(OR($D70="ERROR",$D70="UNKNOWN",$D70=""),IFERROR(H70/G70,0),D70) -> 2 | F70: ERROR | G70: =IF(OR($F70="ERROR",$F70="UNKNOWN",$F70=""),IFERROR(VLOOKUP($C70,'02_UnitPriceRef'!$E$3:$F$10,2,0),IF(OR($D70="Error",$D70="UNKNOWN",$D70=""),0,H70/D70)),$F70) -> 5 | H70: 10 | I70: =E70*G70 -> 10 | J70: N/A | K70: In-store | L70: 45226 | M70: =IF(OR(L70="UNKNOWN",L70="ERROR",L70=""),DATE(1900,1,1),L70) -> 45226
A71: TXN_8471743 | B71: ERROR | C71: =IF(OR($B71="Unknown",$B71="Error",$B71=""),IFERROR(VLOOKUP($F71, '02_UnitPriceRef'!$F$3:$G$10,2,FALSE),"N/A"),$B71) -> Cake | D71: 5 | E71: =IF(OR($D71="ERROR",$D71="UNKNOWN",$D71=""),IFERROR(H71/G71,0),D71) -> 5 | F71: 3 | G71: =IF(OR($F71="ERROR",$F71="UNKNOWN",$F71=""),IFERROR(VLOOKUP($C71,'02_UnitPriceRef'!$E$3:$F$10,2,0),IF(OR($D71="Error",$D71="UNKNOWN",$D71=""),0,H71/D71)),$F71) -> 3 | H71: 15 | I71: =E71*G71 -> 15 | J71: Digital Wallet | K71: In-store | L71: 45022 | M71: =IF(OR(L71="UNKNOWN",L71="ERROR",L71=""),DATE(1900,1,1),L71) -> 45022
A72: TXN_2621580 | B72: Tea | C72: =IF(OR($B72="Unknown",$B72="Error",$B72=""),IFERROR(VLOOKUP($F72, '02_UnitPriceRef'!$F$3:$G$10,2,FALSE),"N/A"),$B72) -> Tea | D72: 2 | E72: =IF(OR($D72="ERROR",$D72="UNKNOWN",$D72=""),IFERROR(H72/G72,0),D72) -> 2 | F72: 1.5 | G72: =IF(OR($F72="ERROR",$F72="UNKNOWN",$F72=""),IFERROR(VLOOKUP($C72,'02_UnitPriceRef'!$E$3:$F$10,2,0),IF(OR($D72="Error",$D72="UNKNOWN",$D72=""),0,H72/D72)),$F72) -> 1.5 | H72: 3 | I72: =E72*G72 -> 3 | J72: Cash | K72: In-store | L72: 45007 | M72: =IF(OR(L72="UNKNOWN",L72="ERROR",L72=""),DATE(1900,1,1),L72) -> 45007
A73: TXN_4726376 | B73: Cake | C73: =IF(OR($B73="Unknown",$B73="Error",$B73=""),IFERROR(VLOOKUP($F73, '02_UnitPriceRef'!$F$3:$G$10,2,FALSE),"N/A"),$B73) -> Cake | D73: 2 | E73: =IF(OR($D73="ERROR",$D73="UNKNOWN",$D73=""),IFERROR(H73/G73,0),D73) -> 2 | F73: 3 | G73: =IF(OR($F73="ERROR",$F73="UNKNOWN",$F73=""),IFERROR(VLOOKUP($C73,'02_UnitPriceRef'!$E$3:$F$10,2,0),IF(OR($D73="Error",$D73="UNKNOWN",$D73=""),0,H73/D73)),$F73) -> 3 | H73: 6 | I73: =E73*G73 -> 6 | J73: Credit Card | K73: In-store | L73: 44957 | M73: =IF(OR(L73="UNKNOWN",L73="ERROR",L73=""),DATE(1900,1,1),L73) -> 44957
A74: TXN_6044979 | C74: =IF(OR($B74="Unknown",$B74="Error",$B74=""),IFERROR(VLOOKUP($F74, '02_UnitPriceRef'!$F$3:$G$10,2,FALSE),"N/A"),$B74) -> Cookie | D74: 1 | E74: =IF(OR($D74="ERROR",$D74="UNKNOWN",$D74=""),IFERROR(H74/G74,0),D74) -> 1 | F74: 1 | G74: =IF(OR($F74="ERROR",$F74="UNKNOWN",$F74=""),IFERROR(VLOOKUP($C74,'02_UnitPriceRef'!$E$3:$F$10,2,0),IF(OR($D74="Error",$D74="UNKNOWN",$D74=""),0,H74/D74)),$F74) -> 1 | H74: 1 | I74: =E74*G74 -> 1 | J74: Cash | K74: In-store | L74: 45268 | M74: =IF(OR(L74="UNKNOWN",L74="ERROR",L74=""),DATE(1900,1,1),L74) -> 45268
A75: TXN_4238417 | B75: Salad | C75: =IF(OR($B75="Unknown",$B75="Error",$B75=""),IFERROR(VLOOKUP($F75, '02_UnitPriceRef'!$F$3:$G$10,2,FALSE),"N/A"),$B75) -> Salad | D75: 2 | E75: =IF(OR($D75="ERROR",$D75="UNKNOWN",$D75=""),IFERROR(H75/G75,0),D75) -> 2 | F75: 5 | G75: =IF(OR($F75="ERROR",$F75="UNKNOWN",$F75=""),IFERROR(VLOOKUP($C75,'02_UnitPriceRef'!$E$3:$F$10,2,0),IF(OR($D75="Error",$D75="UNKNOWN",$D75=""),0,H75/D75)),$F75) -> 5 | H75: 10 | I75: =E75*G75 -> 10 | J75: N/A | K75: N/A | L75: 45096 | M75: =IF(OR(L75="UNKNOWN",L75="ERROR",L75=""),DATE(1900,1,1),L75) -> 45096
A76: TXN_1900620 | B76: Smoothie | C76: =IF(OR($B76="Unknown",$B76="Error",$B76=""),IFERROR(VLOOKUP($F76, '02_UnitPriceRef'!$F$3:$G$10,2,FALSE),"N/A"),$B76) -> Smoothie | D76: 2 | E76: =IF(OR($D76="ERROR",$D76="UNKNOWN",$D76=""),IFERROR(H76/G76,0),D76) -> 2 | F76: 4 | G76: =IF(OR($F76="ERROR",$F76="UNKNOWN",$F76=""),IFERROR(VLOOKUP($C76,'02_UnitPriceRef'!$E$3:$F$10,2,0),IF(OR($D76="Error",$D76="UNKNOWN",$D76=""),0,H76/D76)),$F76) -> 4 | H76: 8 | I76: =E76*G76 -> 8 | J76: Credit Card | K76: N/A | L76: 45274 | M76: =IF(OR(L76="UNKNOWN",L76="ERROR",L76=""),DATE(1900,1,1),L76) -> 45274
A77: TXN_6420335 | B77: Coffee | C77: =IF(OR($B77="Unknown",$B77="Error",$B77=""),IFERROR(VLOOKUP($F77, '02_UnitPriceRef'!$F$3:$G$10,2,FALSE),"N/A"),$B77) -> Coffee | D77: 1 | E77: =IF(OR($D77="ERROR",$D77="UNKNOWN",$D77=""),IFERROR(H77/G77,0),D77) -> 1 | F77: 2 | G77: =IF(OR($F77="ERROR",$F77="UNKNOWN",$F77=""),IFERROR(VLOOKUP($C77,'02_UnitPriceRef'!$E$3:$F$10,2,0),IF(OR($D77="Error",$D77="UNKNOWN",$D77=""),0,H77/D77)),$F77) -> 2 | H77: 2 | I77: =E77*G77 -> 2 | J77: Cash | K77: Takeaway | L77: 45123 | M77: =IF(OR(L77="UNKNOWN",L77="ERROR",L77=""),DATE(1900,1,1),L77) -> 45123
A78: TXN_3858209 | B78: Sandwich | C78: =IF(OR($B78="Unknown",$B78="Error",$B78=""),IFERROR(VLOOKUP($F78, '02_UnitPriceRef'!$F$3:$G$10,2,FALSE),"N/A"),$B78) -> Sandwich | D78: 4 | E78: =IF(OR($D78="ERROR",$D78="UNKNOWN",$D78=""),IFERROR(H78/G78,0),D78) -> 4 | F78: 4 | G78: =IF(OR($F78="ERROR",$F78="UNKNOWN",$F78=""),IFERROR(VLOOKUP($C78,'02_UnitPriceRef'!$E$3:$F$10,2,0),IF(OR($D78="Error",$D78="UNKNOWN",$D78=""),0,H78/D78)),$F78) -> 4 | H78: 16 | I78: =E78*G78 -> 16 | J78: Cash | K78: N/A | L78: 44979 | M78: =IF(OR(L78="UNKNOWN",L78="ERROR",L78=""),DATE(1900,1,1),L78) -> 44979
A79: TXN_2091733 | B79: Salad | C79: =IF(OR($B79="Unknown",$B79="Error",$B79=""),IFERROR(VLOOKUP($F79, '02_UnitPriceRef'!$F$3:$G$10,2,FALSE),"N/A"),$B79) -> Salad | D79: 1 | E79: =IF(OR($D79="ERROR",$D79="UNKNOWN",$D79=""),IFERROR(H79/G79,0),D79) -> 1 | F79: 5 | G79: =IF(OR($F79="ERROR",$F79="UNKNOWN",$F79=""),IFERROR(VLOOKUP($C79,'02_UnitPriceRef'!$E$3:$F$10,2,0),IF(OR($D79="Error",$D79="UNKNOWN",$D79=""),0,H79/D79)),$F79) -> 5 | H79: 5 | I79: =E79*G79 -> 5 | J79: N/A | K79: In-store | M79: =IF(OR(L79="UNKNOWN",L79="ERROR",L79=""),DATE(1900,1,1),L79) -> 1
A80: TXN_8735480 | B80: Tea | C80: =IF(OR($B80="Unknown",$B80="Error",$B80=""),IFERROR(VLOOKUP($F80, '02_UnitPriceRef'!$F$3:$G$10,2,FALSE),"N/A"),$B80) -> Tea | D80: 5 | E80: =IF(OR($D80="ERROR",$D80="UNKNOWN",$D80=""),IFERROR(H80/G80,0),D80) -> 5 | F80: 1.5 | G80: =IF(OR($F80="ERROR",$F80="UNKNOWN",$F80=""),IFERROR(VLOOKUP($C80,'02_UnitPriceRef'!$E$3:$F$10,2,0),IF(OR($D80="Error",$D80="UNKNOWN",$D80=""),0,H80/D80)),$F80) -> 1.5 | H80: 7.5 | I80: =E80*G80 -> 7.5 | J80: Cash | K80: N/A | L80: 45079 | M80: =IF(OR(L80="UNKNOWN",L80="ERROR",L80=""),DATE(1900,1,1),L80) -> 45079
A81: TXN_3829165 | B81: Juice | C81: =IF(OR($B81="Unknown",$B81="Error",$B81=""),IFERROR(VLOOKUP($F81, '02_UnitPriceRef'!$F$3:$G$10,2,FALSE),"N/A"),$B81) -> Juice | D81: 4 | E81: =IF(OR($D81="ERROR",$D81="UNKNOWN",$D81=""),IFERROR(H81/G81,0),D81) -> 4 | F81: 3 | G81: =IF(OR($F81="ERROR",$F81="UNKNOWN",$F81=""),IFERROR(VLOOKUP($C81,'02_UnitPriceRef'!$E$3:$F$10,2,0),IF(OR($D81="Error",$D81="UNKNOWN",$D81=""),0,H81/D81)),$F81) -> 3 | H81: 12 | I81: =E81*G81 -> 12 | J81: Cash | K81: In-store | L81: 45092 | M81: =IF(OR(L81="UNKNOWN",L81="ERROR",L81=""),DATE(1900,1,1),L81) -> 45092
A82: TXN_3748616 | B82: Coffee | C82: =IF(OR($B82="Unknown",$B82="Error",$B82=""),IFERROR(VLOOKUP($F82, '02_UnitPriceRef'!$F$3:$G$10,2,FALSE),"N/A"),$B82) -> Coffee | D82: 2 | E82: =IF(OR($D82="ERROR",$D82="UNKNOWN",$D82=""),IFERROR(H82/G82,0),D82) -> 2 | F82: 2 | G82: =IF(OR($F82="ERROR",$F82="UNKNOWN",$F82=""),IFERROR(VLOOKUP($C82,'02_UnitPriceRef'!$E$3:$F$10,2,0),IF(OR($D82="Error",$D82="UNKNOWN",$D82=""),0,H82/D82)),$F82) -> 2 | H82: 4 | I82: =E82*G82 -> 4 | J82: Credit Card | K82: In-store | L82: 45269 | M82: =IF(OR(L82="UNKNOWN",L82="ERROR",L82=""),DATE(1900,1,1),L82) -> 45269
A83: TXN_1993289 | B83: Sandwich | C83: =IF(OR($B83="Unknown",$B83="Error",$B83=""),IFERROR(VLOOKUP($F83, '02_UnitPriceRef'!$F$3:$G$10,2,FALSE),"N/A"),$B83) -> Sandwich | D83: 2 | E83: =IF(OR($D83="ERROR",$D83="UNKNOWN",$D83=""),IFERROR(H83/G83,0),D83) -> 2 | F83: 4 | G83: =IF(OR($F83="ERROR",$F83="UNKNOWN",$F83=""),IFERROR(VLOOKUP($C83,'02_UnitPriceRef'!$E$3:$F$10,2,0),IF(OR($D83="Error",$D83="UNKNOWN",$D83=""),0,H83/D83)),$F83) -> 4 | H83: 8 | I83: =E83*G83 -> 8 | J83: N/A | K83: In-store | L83: 45034 | M83: =IF(OR(L83="UNKNOWN",L83="ERROR",L83=""),DATE(1900,1,1),L83) -> 45034
A84: TXN_2123367 | B84: Cookie | C84: =IF(OR($B84="Unknown",$B84="Error",$B84=""),IFERROR(VLOOKUP($F84, '02_UnitPriceRef'!$F$3:$G$10,2,FALSE),"N/A"),$B84) -> Cookie | D84: 2 | E84: =IF(OR($D84="ERROR",$D84="UNKNOWN",$D84=""),IFERROR(H84/G84,0),D84) -> 2 | F84: 1 | G84: =IF(OR($F84="ERROR",$F84="UNKNOWN",$F84=""),IFERROR(VLOOKUP($C84,'02_UnitPriceRef'!$E$3:$F$10,2,0),IF(OR($D84="Error",$D84="UNKNOWN",$D84=""),0,H84/D84)),$F84) -> 1 | H84: 2 | I84: =E84*G84 -> 2 | J84: N/A | K84: N/A | L84: 45237 | M84: =IF(OR(L84="UNKNOWN",L84="ERROR",L84=""),DATE(1900,1,1),L84) -> 45237
A85: TXN_5266394 | B85: Cake | C85: =IF(OR($B85="Unknown",$B85="Error",$B85=""),IFERROR(VLOOKUP($F85, '02_UnitPriceRef'!$F$3:$G$10,2,FALSE),"N/A"),$B85) -> Cake | D85: 3 | E85: =IF(OR($D85="ERROR",$D85="UNKNOWN",$D85=""),IFERROR(H85/G85,0),D85) -> 3 | F85: 3 | G85: =IF(OR($F85="ERROR",$F85="UNKNOWN",$F85=""),IFERROR(VLOOKUP($C85,'02_UnitPriceRef'!$E$3:$F$10,2,0),IF(OR($D85="Error",$D85="UNKNOWN",$D85=""),0,H85/D85)),$F85) -> 3 | H85: 9 | I85: =E85*G85 -> 9 | J85: Cash | K85: In-store | L85: 45227 | M85: =IF(OR(L85="UNKNOWN",L85="ERROR",L85=""),DATE(1900,1,1),L85) -> 45227
A86: TXN_5107946 | B86: Cake | C86: =IF(OR($B86="Unknown",$B86="Error",$B86=""),IFERROR(VLOOKUP($F86, '02_UnitPriceRef'!$F$3:$G$10,2,FALSE),"N/A"),$B86) -> Cake | D86: 4 | E86: =IF(OR($D86="ERROR",$D86="UNKNOWN",$D86=""),IFERROR(H86/G86,0),D86) -> 4 | F86: 3 | G86: =IF(OR($F86="ERROR",$F86="UNKNOWN",$F86=""),IFERROR(VLOOKUP($C86,'02_UnitPriceRef'!$E$3:$F$10,2,0),IF(OR($D86="Error",$D86="UNKNOWN",$D86=""),0,H86/D86)),$F86) -> 3 | H86: 12 | I86: =E86*G86 -> 12 | J86: Credit Card | K86: N/A | L86: 45282 | M86: =IF(OR(L86="UNKNOWN",L86="ERROR",L86=""),DATE(1900,1,1),L86) -> 45282
A87: TXN_8035512 | B87: Tea | C87: =IF(OR($B87="Unknown",$B87="Error",$B87=""),IFERROR(VLOOKUP($F87, '02_UnitPriceRef'!$F$3:$G$10,2,FALSE),"N/A"),$B87) -> Tea | D87: 3 | E87: =IF(OR($D87="ERROR",$D87="UNKNOWN",$D87=""),IFERROR(H87/G87,0),D87) -> 3 | G87: =IF(OR($F87="ERROR",$F87="UNKNOWN",$F87=""),IFERROR(VLOOKUP($C87,'02_UnitPriceRef'!$E$3:$F$10,2,0),IF(OR($D87="Error",$D87="UNKNOWN",$D87=""),0,H87/D87)),$F87) -> 1.5 | H87: 4.5 | I87: =E87*G87 -> 4.5 | J87: Cash | K87: N/A | L87: 45228 | M87: =IF(OR(L87="UNKNOWN",L87="ERROR",L87=""),DATE(1900,1,1),L87) -> 45228
A88: TXN_8718498 | B88: Cake | C88: =IF(OR($B88="Unknown",$B88="Error",$B88=""),IFERROR(VLOOKUP($F88, '02_UnitPriceRef'!$F$3:$G$10,2,FALSE),"N/A"),$B88) -> Cake | D88: 5 | E88: =IF(OR($D88="ERROR",$D88="UNKNOWN",$D88=""),IFERROR(H88/G88,0),D88) -> 5 | F88: 3 | G88: =IF(OR($F88="ERROR",$F88="UNKNOWN",$F88=""),IFERROR(VLOOKUP($C88,'02_UnitPriceRef'!$E$3:$F$10,2,0),IF(OR($D88="Error",$D88="UNKNOWN",$D88=""),0,H88/D88)),$F88) -> 3 | H88: 15 | I88: =E88*G88 -> 15 | J88: Credit Card | K88: N/A | L88: 45046 | M88: =IF(OR(L88="UNKNOWN",L88="ERROR",L88=""),DATE(1900,1,1),L88) -> 45046
A89: TXN_3955361 | B89: Cookie | C89: =IF(OR($B89="Unknown",$B89="Error",$B89=""),IFERROR(VLOOKUP($F89, '02_UnitPriceRef'!$F$3:$G$10,2,FALSE),"N/A"),$B89) -> Cookie | D89: 5 | E89: =IF(OR($D89="ERROR",$D89="UNKNOWN",$D89=""),IFERROR(H89/G89,0),D89) -> 5 | F89: 1 | G89: =IF(OR($F89="ERROR",$F89="UNKNOWN",$F89=""),IFERROR(VLOOKUP($C89,'02_UnitPriceRef'!$E$3:$F$10,2,0),IF(OR($D89="Error",$D89="UNKNOWN",$D89=""),0,H89/D89)),$F89) -> 1 | H89: 5 | I89: =E89*G89 -> 5 | J89: N/A | K89: Takeaway | L89: 45018 | M89: =IF(OR(L89="UNKNOWN",L89="ERROR",L89=""),DATE(1900,1,1),L89) -> 45018
A90: TXN_9487821 | B90: ERROR | C90: =IF(OR($B90="Unknown",$B90="Error",$B90=""),IFERROR(VLOOKUP($F90, '02_UnitPriceRef'!$F$3:$G$10,2,FALSE),"N/A"),$B90) -> Salad | D90: 1 | E90: =IF(OR($D90="ERROR",$D90="UNKNOWN",$D90=""),IFERROR(H90/G90,0),D90) -> 1 | F90: 5 | G90: =IF(OR($F90="ERROR",$F90="UNKNOWN",$F90=""),IFERROR(VLOOKUP($C90,'02_UnitPriceRef'!$E$3:$F$10,2,0),IF(OR($D90="Error",$D90="UNKNOWN",$D90=""),0,H90/D90)),$F90) -> 5 | H90: 5 | I90: =E90*G90 -> 5 | J90: Digital Wallet | K90: Takeaway | L90: 45070 | M90: =IF(OR(L90="UNKNOWN",L90="ERROR",L90=""),DATE(1900,1,1),L90) -> 45070
A91: TXN_4132730 | C91: =IF(OR($B91="Unknown",$B91="Error",$B91=""),IFERROR(VLOOKUP($F91, '02_UnitPriceRef'!$F$3:$G$10,2,FALSE),"N/A"),$B91) -> Cookie | D91: 5 | E91: =IF(OR($D91="ERROR",$D91="UNKNOWN",$D91=""),IFERROR(H91/G91,0),D91) -> 5 | F91: 1 | G91: =IF(OR($F91="ERROR",$F91="UNKNOWN",$F91=""),IFERROR(VLOOKUP($C91,'02_UnitPriceRef'!$E$3:$F$10,2,0),IF(OR($D91="Error",$D91="UNKNOWN",$D91=""),0,H91/D91)),$F91) -> 1 | H91: 5 | I91: =E91*G91 -> 5 | J91: N/A | K91: In-store | L91: 44997 | M91: =IF(OR(L91="UNKNOWN",L91="ERROR",L91=""),DATE(1900,1,1),L91) -> 44997
A92: TXN_8976658 | B92: Tea | C92: =IF(OR($B92="Unknown",$B92="Error",$B92=""),IFERROR(VLOOKUP($F92, '02_UnitPriceRef'!$F$3:$G$10,2,FALSE),"N/A"),$B92) -> Tea | D92: 2 | E92: =IF(OR($D92="ERROR",$D92="UNKNOWN",$D92=""),IFERROR(H92/G92,0),D92) -> 2 | F92: 1.5 | G92: =IF(OR($F92="ERROR",$F92="UNKNOWN",$F92=""),IFERROR(VLOOKUP($C92,'02_UnitPriceRef'!$E$3:$F$10,2,0),IF(OR($D92="Error",$D92="UNKNOWN",$D92=""),0,H92/D92)),$F92) -> 1.5 | H92: 3 | I92: =E92*G92 -> 3 | J92: Credit Card | K92: In-store | L92: 45154 | M92: =IF(OR(L92="UNKNOWN",L92="ERROR",L92=""),DATE(1900,1,1),L92) -> 45154
A93: TXN_5455936 | B93: UNKNOWN | C93: =IF(OR($B93="Unknown",$B93="Error",$B93=""),IFERROR(VLOOKUP($F93, '02_UnitPriceRef'!$F$3:$G$10,2,FALSE),"N/A"),$B93) -> Cake | D93: 5 | E93: =IF(OR($D93="ERROR",$D93="UNKNOWN",$D93=""),IFERROR(H93/G93,0),D93) -> 5 | F93: 3 | G93: =IF(OR($F93="ERROR",$F93="UNKNOWN",$F93=""),IFERROR(VLOOKUP($C93,'02_UnitPriceRef'!$E$3:$F$10,2,0),IF(OR($D93="Error",$D93="UNKNOWN",$D93=""),0,H93/D93)),$F93) -> 3 | H93: 15 | I93: =E93*G93 -> 15 | J93: N/A | K93: In-store | L93: 45227 | M93: =IF(OR(L93="UNKNOWN",L93="ERROR",L93=""),DATE(1900,1,1),L93) -> 45227
A94: TXN_2725602 | B94: Juice | C94: =IF(OR($B94="Unknown",$B94="Error",$B94=""),IFERROR(VLOOKUP($F94, '02_UnitPriceRef'!$F$3:$G$10,2,FALSE),"N/A"),$B94) -> Juice | D94: 5 | E94: =IF(OR($D94="ERROR",$D94="UNKNOWN",$D94=""),IFERROR(H94/G94,0),D94) -> 5 | F94: 3 | G94: =IF(OR($F94="ERROR",$F94="UNKNOWN",$F94=""),IFERROR(VLOOKUP($C94,'02_UnitPriceRef'!$E$3:$F$10,2,0),IF(OR($D94="Error",$D94="UNKNOWN",$D94=""),0,H94/D94)),$F94) -> 3 | H94: 15 | I94: =E94*G94 -> 15 | J94: Credit Card | K94: N/A | L94: 45179 | M94: =IF(OR(L94="UNKNOWN",L94="ERROR",L94=""),DATE(1900,1,1),L94) -> 45179
A95: TXN_3011323 | B95: Coffee | C95: =IF(OR($B95="Unknown",$B95="Error",$B95=""),IFERROR(VLOOKUP($F95, '02_UnitPriceRef'!$F$3:$G$10,2,FALSE),"N/A"),$B95) -> Coffee | D95: 3 | E95: =IF(OR($D95="ERROR",$D95="UNKNOWN",$D95=""),IFERROR(H95/G95,0),D95) -> 3 | F95: 2 | G95: =IF(OR($F95="ERROR",$F95="UNKNOWN",$F95=""),IFERROR(VLOOKUP($C95,'02_UnitPriceRef'!$E$3:$F$10,2,0),IF(OR($D95="Error",$D95="UNKNOWN",$D95=""),0,H95/D95)),$F95) -> 2 | H95: 6 | I95: =E95*G95 -> 6 | J95: Credit Card | K95: N/A | L95: 44992 | M95: =IF(OR(L95="UNKNOWN",L95="ERROR",L95=""),DATE(1900,1,1),L95) -> 44992
A96: TXN_6289610 | B96: Juice | C96: =IF(OR($B96="Unknown",$B96="Error",$B96=""),IFERROR(VLOOKUP($F96, '02_UnitPriceRef'!$F$3:$G$10,2,FALSE),"N/A"),$B96) -> Juice | D96: 3 | E96: =IF(OR($D96="ERROR",$D96="UNKNOWN",$D96=""),IFERROR(H96/G96,0),D96) -> 3 | F96: 3 | G96: =IF(OR($F96="ERROR",$F96="UNKNOWN",$F96=""),IFERROR(VLOOKUP($C96,'02_UnitPriceRef'!$E$3:$F$10,2,0),IF(OR($D96="Error",$D96="UNKNOWN",$D96=""),0,H96/D96)),$F96) -> 3 | H96: UNKNOWN | I96: =E96*G96 -> 9 | J96: Cash | K96: Takeaway | L96: 45145 | M96: =IF(OR(L96="UNKNOWN",L96="ERROR",L96=""),DATE(1900,1,1),L96) -> 45145
A97: TXN_8268061 | B97: Salad | C97: =IF(OR($B97="Unknown",$B97="Error",$B97=""),IFERROR(VLOOKUP($F97, '02_UnitPriceRef'!$F$3:$G$10,2,FALSE),"N/A"),$B97) -> Salad | D97: 3 | E97: =IF(OR($D97="ERROR",$D97="UNKNOWN",$D97=""),IFERROR(H97/G97,0),D97) -> 3 | F97: 5 | G97: =IF(OR($F97="ERROR",$F97="UNKNOWN",$F97=""),IFERROR(VLOOKUP($C97,'02_UnitPriceRef'!$E$3:$F$10,2,0),IF(OR($D97="Error",$D97="UNKNOWN",$D97=""),0,H97/D97)),$F97) -> 5 | H97: 15 | I97: =E97*G97 -> 15 | J97: N/A | K97: Takeaway | L97: 45158 | M97: =IF(OR(L97="UNKNOWN",L97="ERROR",L97=""),DATE(1900,1,1),L97) -> 45158
A98: TXN_5220895 | B98: Salad | C98: =IF(OR($B98="Unknown",$B98="Error",$B98=""),IFERROR(VLOOKUP($F98, '02_UnitPriceRef'!$F$3:$G$10,2,FALSE),"N/A"),$B98) -> Salad | D98: 5 | E98: =IF(OR($D98="ERROR",$D98="UNKNOWN",$D98=""),IFERROR(H98/G98,0),D98) -> 5 | F98: 5 | G98: =IF(OR($F98="ERROR",$F98="UNKNOWN",$F98=""),IFERROR(VLOOKUP($C98,'02_UnitPriceRef'!$E$3:$F$10,2,0),IF(OR($D98="Error",$D98="UNKNOWN",$D98=""),0,H98/D98)),$F98) -> 5 | H98: 25 | I98: =E98*G98 -> 25 | J98: Cash | K98: In-store | L98: 45087 | M98: =IF(OR(L98="UNKNOWN",L98="ERROR",L98=""),DATE(1900,1,1),L98) -> 45087
A99: TXN_3085509 | B99: Coffee | C99: =IF(OR($B99="Unknown",$B99="Error",$B99=""),IFERROR(VLOOKUP($F99, '02_UnitPriceRef'!$F$3:$G$10,2,FALSE),"N/A"),$B99) -> Coffee | D99: 4 | E99: =IF(OR($D99="ERROR",$D99="UNKNOWN",$D99=""),IFERROR(H99/G99,0),D99) -> 4 | F99: 2 | G99: =IF(OR($F99="ERROR",$F99="UNKNOWN",$F99=""),IFERROR(VLOOKUP($C99,'02_UnitPriceRef'!$E$3:$F$10,2,0),IF(OR($D99="Error",$D99="UNKNOWN",$D99=""),0,H99/D99)),$F99) -> 2 | H99: 8 | I99: =E99*G99 -> 8 | J99: Digital Wallet | K99: In-store | L99: 45031 | M99: =IF(OR(L99="UNKNOWN",L99="ERROR",L99=""),DATE(1900,1,1),L99) -> 45031
A100: TXN_9999113 | B100: Juice | C100: =IF(OR($B100="Unknown",$B100="Error",$B100=""),IFERROR(VLOOKUP($F100, '02_UnitPriceRef'!$F$3:$G$10,2,FALSE),"N/A"),$B100) -> Juice | D100: 4 | E100: =IF(OR($D100="ERROR",$D100="UNKNOWN",$D100=""),IFERROR(H100/G100,0),D100) -> 4 | F100: 3 | G100: =IF(OR($F100="ERROR",$F100="UNKNOWN",$F100=""),IFERROR(VLOOKUP($C100,'02_UnitPriceRef'!$E$3:$F$10,2,0),IF(OR($D100="Error",$D100="UNKNOWN",$D100=""),0,H100/D100)),$F100) -> 3 | H100: 12 | I100: =E100*G100 -> 12 | J100: Cash | K100: Takeaway | L100: 45073 | M100: =IF(OR(L100="UNKNOWN",L100="ERROR",L100=""),DATE(1900,1,1),L100) -> 45073
...

Sheet 02_UnitPriceRef
A1: Cleaned_Item | B1: Price Per Unit
A2: Cake | B2: 3 | E2: Unique_Item | F2: Price Per Unit
B3: (blank) | E3: Cake | F3: 3 | G3: Cake
A4: Cake Total | E4: Coffee | F4: 2 | G4: Coffee
A5: Coffee | B5: 2 | E5: Cookie | F5: 1 | G5: Cookie
B6: (blank) | E6: Juice | F6: 3 | G6: Juice
A7: Coffee Total | E7: Salad | F7: 5 | G7: Salad
A8: Cookie | B8: 1 | E8: Sandwich | F8: 4 | G8: Sandwich/Smoothie
B9: (blank) | E9: Smoothie | F9: 4 | G9: Sandwich/Smoothie
A10: Cookie Total | E10: Tea | F10: 1.5 | G10: Tea
A11: Juice | B11: 3
B12: (blank)
A13: Juice Total
A14: N/A | B14: (blank)
A15: N/A Total
A16: Salad | B16: 5
B17: (blank)
A18: Salad Total
A19: Sandwich | B19: 4
B20: (blank)
A21: Sandwich Total
A22: Sandwich/Smoothie | B22: 4
A23: Sandwich/Smoothie Total
A24: Smoothie | B24: 4
B25: (blank)
A26: Smoothie Total
A27: Tea | B27: 1.5
B28: (blank)
A29: Tea Total

Sheet 01_Raw_Data
A1: Transaction ID | B1: Item | C1: Quantity | D1: Price Per Unit | E1: Total Spent | F1: Payment Method | G1: Location | H1: Transaction Date
A2: TXN_1961373 | B2: Coffee | C2: 2 | D2: 2 | E2: 4 | F2: Credit Card | G2: Takeaway | H2: 45177
A3: TXN_4977031 | B3: Cake | C3: 4 | D3: 3 | E3: 12 | F3: Cash | G3: In-store | H3: 45062
A4: TXN_4271903 | B4: Cookie | C4: 4 | D4: 1 | E4: ERROR | F4: Credit Card | G4: In-store | H4: 45126
A5: TXN_7034554 | B5: Salad | C5: 2 | D5: 5 | E5: 10 | F5: UNKNOWN | G5: UNKNOWN | H5: 45043
A6: TXN_3160411 | B6: Coffee | C6: 2 | D6: 2 | E6: 4 | F6: Digital Wallet | G6: In-store | H6: 45088
A7: TXN_2602893 | B7: Smoothie | C7: 5 | D7: 4 | E7: 20 | F7: Credit Card | H7: 45016
A8: TXN_4433211 | B8: UNKNOWN | C8: 3 | D8: 3 | E8: 9 | F8: ERROR | G8: Takeaway | H8: 45205
A9: TXN_6699534 | B9: Sandwich | C9: 4 | D9: 4 | E9: 16 | F9: Cash | G9: UNKNOWN | H9: 45227
A10: TXN_4717867 | C10: 5 | D10: 3 | E10: 15 | G10: Takeaway | H10: 45135
A11: TXN_2064365 | B11: Sandwich | C11: 5 | D11: 4 | E11: 20 | G11: In-store | H11: 45291
A12: TXN_2548360 | B12: Salad | C12: 5 | D12: 5 | E12: 25 | F12: Cash | G12: Takeaway | H12: 45237
A13: TXN_3051279 | B13: Sandwich | C13: 2 | D13: 4 | E13: 8 | F13: Credit Card | G13: Takeaway | H13: ERROR
A14: TXN_7619095 | B14: Sandwich | C14: 2 | D14: 4 | E14: 8 | F14: Cash | G14: In-store | H14: 45049
A15: TXN_9437049 | B15: Cookie | C15: 5 | D15: 1 | E15: 5 | G15: Takeaway | H15: 45078
A16: TXN_8915701 | B16: ERROR | C16: 2 | D16: 1.5 | E16: 3 | G16: In-store | H16: 45006
A17: TXN_2847255 | B17: Salad | C17: 3 | D17: 5 | E17: 15 | F17: Credit Card | G17: In-store | H17: 45245
A18: TXN_3765707 | B18: Sandwich | C18: 1 | D18: 4 | E18: 4 | H18: 45087
A19: TXN_6769710 | B19: Juice | C19: 2 | D19: 3 | E19: 6 | F19: Cash | G19: In-store | H19: 44981
A20: TXN_8876618 | B20: Cake | C20: 5 | D20: 3 | E20: 15 | F20: Cash | G20: ERROR | H20: 45010
A21: TXN_3709394 | B21: Juice | C21: 4 | D21: 3 | E21: 12 | F21: Cash | G21: Takeaway | H21: 44941
A22: TXN_3522028 | B22: Smoothie | C22: ERROR | D22: 4 | E22: 20 | F22: Cash | G22: In-store | H22: 45020
A23: TXN_3567645 | B23: Smoothie | C23: 4 | D23: 4 | E23: 16 | F23: Credit Card | G23: Takeaway | H23: 45015
A24: TXN_5132361 | B24: Sandwich | C24: 3 | D24: 4 | E24: 12 | F24: Digital Wallet | G24: Takeaway | H24: 45261
A25: TXN_2616390 | B25: Sandwich | C25: 2 | D25: 4 | E25: 8 | H25: 45187
A26: TXN_9400181 | B26: Sandwich | C26: 5 | D26: 4 | E26: 20 | F26: Cash | G26: In-store | H26: 45080
A27: TXN_7958992 | B27: Smoothie | C27: 3 | D27: 4 | F27: UNKNOWN | G27: UNKNOWN | H27: 45273
A28: TXN_5183041 | B28: Cookie | C28: 5 | D28: 1 | E28: 5 | F28: Credit Card | G28: In-store | H28: 45036
A29: TXN_5695074 | B29: Juice | C29: 4 | D29: 3 | E29: 12 | F29: Credit Card | G29: Takeaway | H29: 45026
A30: TXN_8467949 | B30: Smoothie | C30: 5 | D30: 4 | E30: 20 | F30: Credit Card | H30: 44996
A31: TXN_7640952 | B31: Cake | C31: 4 | D31: 3 | E31: 12 | F31: Digital Wallet | G31: Takeaway | H31: ERROR
A32: TXN_1736287 | C32: 5 | D32: 2 | E32: 10 | F32: Digital Wallet | H32: 45079
A33: TXN_8927252 | B33: UNKNOWN | C33: 2 | D33: 1 | E33: ERROR | F33: Credit Card | G33: ERROR | H33: 45236
A34: TXN_9677376 | B34: Smoothie | C34: 4 | D34: 4 | E34: 16 | G34: In-store | H34: 45153
A35: TXN_7710508 | B35: UNKNOWN | C35: 5 | D35: 1 | E35: 5 | F35: Cash | H35: ERROR
A36: TXN_8853997 | B36: Smoothie | C36: 2 | D36: 4 | E36: 8 | F36: Digital Wallet | G36: Takeaway | H36: 45208
A37: TXN_9130559 | B37: Sandwich | C37: 1 | D37: 4 | E37: 4 | F37: Credit Card | G37: UNKNOWN | H37: 45074
A38: TXN_6855453 | B38: UNKNOWN | C38: 4 | D38: 3 | E38: 12 | G38: In-store | H38: 45124
A39: TXN_1080432 | B39: Salad | C39: 2 | D39: 5 | E39: 10 | F39: Credit Card | G39: In-store | H39: 45045
A40: TXN_2655815 | B40: Smoothie | C40: 4 | D40: 4 | E40: 16 | G40: Takeaway | H40: 45085
A41: TXN_6688524 | B41: Coffee | C41: 4 | D41: 2 | E41: 8 | F41: ERROR | H41: 45106
A42: TXN_2083138 | B42: Smoothie | C42: 3 | D42: 4 | E42: 12 | G42: In-store | H42: 45033
A43: TXN_2427584 | B43: Sandwich | C43: 4 | D43: 4 | E43: 16 | G43: Takeaway | H43: 45282
A44: TXN_6650263 | B44: Tea | C44: 2 | D44: 1.5 | E44: UNKNOWN | G44: Takeaway | H44: 44936
A45: TXN_9620080 | B45: Juice | C45: 4 | D45: 3 | E45: 12 | G45: Takeaway | H45: 45201
A46: TXN_1491578 | B46: Cookie | C46: 2 | D46: 1 | E46: 2 | H46: 44980
A47: TXN_5455792 | B47: Salad | C47: 3 | D47: 5 | E47: 15 | F47: Cash | H47: 45007
A48: TXN_8078640 | B48: Juice | C48: 4 | D48: 3 | E48: 12 | F48: Digital Wallet | G48: In-store | H48: 45233
A49: TXN_9499313 | B49: Juice | C49: 5 | D49: 3 | E49: 15 | H49: 44987
A50: TXN_8201146 | B50: Juice | C50: 5 | D50: 3 | E50: 15 | F50: Cash | H50: 45103
A51: TXN_8230936 | B51: Cake | C51: 3 | D51: 3 | E51: 9 | G51: ERROR | H51: 45048
A52: TXN_7742742 | B52: Cake | C52: 5 | D52: 3 | E52: 15 | G52: Takeaway | H52: 45174
A53: TXN_6342161 | B53: Salad | C53: 5 | D53: 5 | E53: 25 | F53: ERROR | G53: Takeaway | H53: 44934
A54: TXN_8914892 | B54: UNKNOWN | C54: 5 | D54: 5 | E54: 25 | F54: Digital Wallet | H54: 45000
A55: TXN_3363746 | B55: Smoothie | C55: 3 | D55: 4 | E55: 12 | F55: Credit Card | H55: 45255
A56: TXN_8614868 | B56: Smoothie | C56: 5 | D56: 4 | E56: 20 | F56: Digital Wallet | G56: Takeaway | H56: 45265
A57: TXN_5522862 | B57: Cookie | C57: ERROR | D57: 1 | E57: 2 | F57: Credit Card | G57: Takeaway | H57: 45004
A58: TXN_3578141 | B58: Cake | C58: 5 | E58: 15 | G58: Takeaway | H58: 45104
A59: TXN_2080895 | B59: Cake | C59: UNKNOWN | D59: 3 | E59: 3 | F59: Digital Wallet | G59: In-store | H59: 45035
A60: TXN_6421134 | B60: Sandwich | C60: 4 | D60: 4 | E60: 16 | F60: Cash | G60: Takeaway | H60: 45233
A61: TXN_8813311 | B61: Juice | C61: 5 | D61: 3 | E61: 15 | G61: In-store | H61: 45206
A62: TXN_9023317 | B62: Salad | C62: 1 | D62: 5 | E62: 5 | H62: 45199
A63: TXN_8051289 | C63: 1 | D63: 3 | E63: 3 | G63: In-store | H63: 45208
A64: TXN_2537617 | B64: Sandwich | C64: 1 | D64: 4 | E64: 4 | F64: Cash | H64: 45073
A65: TXN_9099694 | B65: UNKNOWN | C65: 3 | D65: 5 | E65: 15 | G65: Takeaway | H65: 45248
A66: TXN_9230615 | B66: Smoothie | C66: 4 | D66: 4 | E66: 16 | F66: Digital Wallet | H66: 45078
A67: TXN_4987129 | B67: Sandwich | C67: 3 | G67: In-store | H67: 45219
A68: TXN_8501819 | B68: Juice | D68: 3 | E68: 6 | F68: Cash | H68: 45015
A69: TXN_3068204 | B69: Cookie | C69: 1 | D69: 1 | E69: 1 | F69: Credit Card | G69: Takeaway | H69: 45202
A70: TXN_8427104 | B70: Salad | C70: 2 | D70: ERROR | E70: 10 | G70: In-store | H70: 45226
A71: TXN_8471743 | B71: ERROR | C71: 5 | D71: 3 | E71: 15 | F71: Digital Wallet | G71: In-store | H71: 45022
A72: TXN_2621580 | B72: Tea | C72: 2 | D72: 1.5 | E72: 3 | F72: Cash | G72: In-store | H72: 45007
A73: TXN_4726376 | B73: Cake | C73: 2 | D73: 3 | E73: 6 | F73: Credit Card | G73: In-store | H73: 44957
A74: TXN_6044979 | C74: 1 | D74: 1 | E74: 1 | F74: Cash | G74: In-store | H74: 45268
A75: TXN_4238417 | B75: Salad | C75: 2 | D75: 5 | E75: 10 | G75: ERROR | H75: 45096
A76: TXN_1900620 | B76: Smoothie | C76: 2 | D76: 4 | E76: 8 | F76: Credit Card | G76: ERROR | H76: 45274
A77: TXN_6420335 | B77: Coffee | C77: 1 | D77: 2 | E77: 2 | F77: Cash | G77: Takeaway | H77: 45123
A78: TXN_3858209 | B78: Sandwich | C78: 4 | D78: 4 | E78: 16 | F78: Cash | H78: 44979
A79: TXN_2091733 | B79: Salad | C79: 1 | D79: 5 | E79: 5 | G79: In-store
A80: TXN_8735480 | B80: Tea | C80: 5 | D80: 1.5 | E80: 7.5 | F80: Cash | H80: 45079
A81: TXN_3829165 | B81: Juice | C81: 4 | D81: 3 | E81: 12 | F81: Cash | G81: In-store | H81: 45092
A82: TXN_3748616 | B82: Coffee | C82: 2 | D82: 2 | E82: 4 | F82: Credit Card | G82: In-store | H82: 45269
A83: TXN_1993289 | B83: Sandwich | C83: 2 | D83: 4 | E83: 8 | G83: In-store | H83: 45034
A84: TXN_2123367 | B84: Cookie | C84: 2 | D84: 1 | E84: 2 | H84: 45237
A85: TXN_5266394 | B85: Cake | C85: 3 | D85: 3 | E85: 9 | F85: Cash | G85: In-store | H85: 45227
A86: TXN_5107946 | B86: Cake | C86: 4 | D86: 3 | E86: 12 | F86: Credit Card | H86: 45282
A87: TXN_8035512 | B87: Tea | C87: 3 | E87: 4.5 | F87: Cash | G87: UNKNOWN | H87: 45228
A88: TXN_8718498 | B88: Cake | C88: 5 | D88: 3 | E88: 15 | F88: Credit Card | G88: ERROR | H88: 45046
A89: TXN_3955361 | B89: Cookie | C89: 5 | D89: 1 | E89: 5 | G89: Takeaway | H89: 45018
A90: TXN_9487821 | B90: ERROR | C90: 1 | D90: 5 | E90: 5 | F90: Digital Wallet | G90: Takeaway | H90: 45070
A91: TXN_4132730 | C91: 5 | D91: 1 | E91: 5 | G91: In-store | H91: 44997
A92: TXN_8976658 | B92: Tea | C92: 2 | D92: 1.5 | E92: 3 | F92: Credit Card | G92: In-store | H92: 45154
A93: TXN_5455936 | B93: UNKNOWN | C93: 5 | D93: 3 | E93: 15 | G93: In-store | H93: 45227
A94: TXN_2725602 | B94: Juice | C94: 5 | D94: 3 | E94: 15 | F94: Credit Card | H94: 45179
A95: TXN_3011323 | B95: Coffee | C95: 3 | D95: 2 | E95: 6 | F95: Credit Card | H95: 44992
A96: TXN_6289610 | B96: Juice | C96: 3 | D96: 3 | E96: UNKNOWN | F96: Cash | G96: Takeaway | H96: 45145
A97: TXN_8268061 | B97: Salad | C97: 3 | D97: 5 | E97: 15 | F97: ERROR | G97: Takeaway | H97: 45158
A98: TXN_5220895 | B98: Salad | C98: 5 | D98: 5 | E98: 25 | F98: Cash | G98: In-store | H98: 45087
A99: TXN_3085509 | B99: Coffee | C99: 4 | D99: 2 | E99: 8 | F99: Digital Wallet | G99: In-store | H99: 45031
A100: TXN_9999113 | B100: Juice | C100: 4 | D100: 3 | E100: 12 | F100: Cash | G100: Takeaway | H100: 45073
...
