Workbook

Sheet 04_AnalyticsReady
A1: Transaction ID | B1: Item | C1: Quantity | D1: Price Per Unit | E1: Total Spent | F1: Payment Method | G1: Location | H1: Transaction Date
A2: TXN_1961373 | B2: Coffee | C2: 2 | D2: 2 | E2: 4 | F2: Credit Card | G2: Takeaway | H2: 45177
A3: TXN_4977031 | B3: Cake | C3: 4 | D3: 3 | E3: 12 | F3: Cash | G3: In-store | H3: 45062
A4: TXN_4271903 | B4: Cookie | C4: 4 | D4: 1 | E4: 4 | F4: Credit Card | G4: In-store | H4: 45126
A5: TXN_7034554 | B5: Salad | C5: 2 | D5: 5 | E5: 10 | F5: N/A | G5: N/A | H5: 45043
A6: TXN_3160411 | B6: Coffee | C6: 2 | D6: 2 | E6: 4 | F6: Digital Wallet | G6: In-store | H6: 45088
A7: TXN_2602893 | B7: Smoothie | C7: 5 | D7: 4 | E7: 20 | F7: Credit Card | G7: N/A | H7: 45016
A8: TXN_4433211 | B8: Cake/Juice | C8: 3 | D8: 3 | E8: 9 | F8: N/A | G8: Takeaway | H8: 45205
A9: TXN_6699534 | B9: Sandwich | C9: 4 | D9: 4 | E9: 16 | F9: Cash | G9: N/A | H9: 45227
A10: TXN_4717867 | B10: Cake/Juice | C10: 5 | D10: 3 | E10: 15 | F10: N/A | G10: Takeaway | H10: 45135
A11: TXN_2064365 | B11: Sandwich | C11: 5 | D11: 4 | E11: 20 | F11: N/A | G11: In-store | H11: 45291
A12: TXN_2548360 | B12: Salad | C12: 5 | D12: 5 | E12: 25 | F12: Cash | G12: Takeaway | H12: 45237
A13: TXN_3051279 | B13: Sandwich | C13: 2 | D13: 4 | E13: 8 | F13: Credit Card | G13: Takeaway | H13: 2
... A10001: TXN_6170729 | B10001: Sandwich | C10001: 3 | D10001: 4 | E10001: 12 | F10001: Cash | G10001: In-store | H10001: 45237

Sheet 03_CleaningFlow
A1: Transaction ID | B1: Item | C1: Cleaned_Item 1 | D1: Cleaned_Item 2 | E1: Quantity | F1: Cleaned_Quantity | G1: Price Per Unit | H1: Cleaned_PPU | I1: Total Spent | J1: Cleaned_Total Spent | K1: Cleaned_Payment Method | L1: Cleaned_Location | M1: Transaction Date | N1: Cleaned_Transaction Date
A2: TXN_1961373 | B2: Coffee | C2: =IF(OR($B2="Unknown",$B2="Error",$B2=""),IFERROR(VLOOKUP($H2, '02_UnitPriceRef'!$F$3:$G$10,2,FALSE),"N/A"),$B2) -> Coffee | D2: Coffee | E2: 2 | F2: =IF(OR($E2="ERROR",$E2="UNKNOWN",$E2=""),IFERROR(I2/H2,0),E2) -> 2 | G2: 2 | H2: =IF(OR($G2="ERROR",$G2="UNKNOWN",$G2=""),IFERROR(VLOOKUP($D2,'02_UnitPriceRef'!$E$3:$F$10,2,0),IF(OR($E2="Error",$E2="UNKNOWN",$E2=""),0,I2/E2)),$G2) -> 2 | I2: 4 | J2: =F2*H2 -> 4 | K2: Credit Card | L2: Takeaway | M2: 45177 | N2: =IF(OR(M2="UNKNOWN",M2="ERROR",M2=""),DATE(1900,1,1),M2) -> 45177
A3: TXN_4977031 | B3: Cake | C3: =IF(OR($B3="Unknown",$B3="Error",$B3=""),IFERROR(VLOOKUP($H3, '02_UnitPriceRef'!$F$3:$G$10,2,FALSE),"N/A"),$B3) -> Cake | D3: Cake | E3: 4 | F3: =IF(OR($E3="ERROR",$E3="UNKNOWN",$E3=""),IFERROR(I3/H3,0),E3) -> 4 | G3: 3 | H3: =IF(OR($G3="ERROR",$G3="UNKNOWN",$G3=""),IFERROR(VLOOKUP($D3,'02_UnitPriceRef'!$E$3:$F$10,2,0),IF(OR($E3="Error",$E3="UNKNOWN",$E3=""),0,I3/E3)),$G3) -> 3 | I3: 12 | J3: =F3*H3 -> 12 | K3: Cash | L3: In-store | M3: 45062 | N3: =IF(OR(M3="UNKNOWN",M3="ERROR",M3=""),DATE(1900,1,1),M3) -> 45062
A4: TXN_4271903 | B4: Cookie | C4: =IF(OR($B4="Unknown",$B4="Error",$B4=""),IFERROR(VLOOKUP($H4, '02_UnitPriceRef'!$F$3:$G$10,2,FALSE),"N/A"),$B4) -> Cookie | D4: Cookie | E4: 4 | F4: =IF(OR($E4="ERROR",$E4="UNKNOWN",$E4=""),IFERROR(I4/H4,0),E4) -> 4 | G4: 1 | H4: =IF(OR($G4="ERROR",$G4="UNKNOWN",$G4=""),IFERROR(VLOOKUP($D4,'02_UnitPriceRef'!$E$3:$F$10,2,0),IF(OR($E4="Error",$E4="UNKNOWN",$E4=""),0,I4/E4)),$G4) -> 1 | I4: ERROR | J4: =F4*H4 -> 4 | K4: Credit Card | L4: In-store | M4: 45126 | N4: =IF(OR(M4="UNKNOWN",M4="ERROR",M4=""),DATE(1900,1,1),M4) -> 45126
A5: TXN_7034554 | B5: Salad | C5: =IF(OR($B5="Unknown",$B5="Error",$B5=""),IFERROR(VLOOKUP($H5, '02_UnitPriceRef'!$F$3:$G$10,2,FALSE),"N/A"),$B5) -> Salad | D5: Salad | E5: 2 | F5: =IF(OR($E5="ERROR",$E5="UNKNOWN",$E5=""),IFERROR(I5/H5,0),E5) -> 2 | G5: 5 | H5: =IF(OR($G5="ERROR",$G5="UNKNOWN",$G5=""),IFERROR(VLOOKUP($D5,'02_UnitPriceRef'!$E$3:$F$10,2,0),IF(OR($E5="Error",$E5="UNKNOWN",$E5=""),0,I5/E5)),$G5) -> 5 | I5: 10 | J5: =F5*H5 -> 10 | K5: N/A | L5: N/A | M5: 45043 | N5: =IF(OR(M5="UNKNOWN",M5="ERROR",M5=""),DATE(1900,1,1),M5) -> 45043
A6: TXN_3160411 | B6: Coffee | C6: =IF(OR($B6="Unknown",$B6="Error",$B6=""),IFERROR(VLOOKUP($H6, '02_UnitPriceRef'!$F$3:$G$10,2,FALSE),"N/A"),$B6) -> Coffee | D6: Coffee | E6: 2 | F6: =IF(OR($E6="ERROR",$E6="UNKNOWN",$E6=""),IFERROR(I6/H6,0),E6) -> 2 | G6: 2 | H6: =IF(OR($G6="ERROR",$G6="UNKNOWN",$G6=""),IFERROR(VLOOKUP($D6,'02_UnitPriceRef'!$E$3:$F$10,2,0),IF(OR($E6="Error",$E6="UNKNOWN",$E6=""),0,I6/E6)),$G6) -> 2 | I6: 4 | J6: =F6*H6 -> 4 | K6: Digital Wallet | L6: In-store | M6: 45088 | N6: =IF(OR(M6="UNKNOWN",M6="ERROR",M6=""),DATE(1900,1,1),M6) -> 45088
A7: TXN_2602893 | B7: Smoothie | C7: =IF(OR($B7="Unknown",$B7="Error",$B7=""),IFERROR(VLOOKUP($H7, '02_UnitPriceRef'!$F$3:$G$10,2,FALSE),"N/A"),$B7) -> Smoothie | D7: Smoothie | E7: 5 | F7: =IF(OR($E7="ERROR",$E7="UNKNOWN",$E7=""),IFERROR(I7/H7,0),E7) -> 5 | G7: 4 | H7: =IF(OR($G7="ERROR",$G7="UNKNOWN",$G7=""),IFERROR(VLOOKUP($D7,'02_UnitPriceRef'!$E$3:$F$10,2,0),IF(OR($E7="Error",$E7="UNKNOWN",$E7=""),0,I7/E7)),$G7) -> 4 | I7: 20 | J7: =F7*H7 -> 20 | K7: Credit Card | L7: N/A | M7: 45016 | N7: =IF(OR(M7="UNKNOWN",M7="ERROR",M7=""),DATE(1900,1,1),M7) -> 45016
A8: TXN_4433211 | B8: UNKNOWN | C8: =IF(OR($B8="Unknown",$B8="Error",$B8=""),IFERROR(VLOOKUP($H8, '02_UnitPriceRef'!$F$3:$G$10,2,FALSE),"N/A"),$B8) -> Cake/Juice | D8: Cake/Juice | E8: 3 | F8: =IF(OR($E8="ERROR",$E8="UNKNOWN",$E8=""),IFERROR(I8/H8,0),E8) -> 3 | G8: 3 | H8: =IF(OR($G8="ERROR",$G8="UNKNOWN",$G8=""),IFERROR(VLOOKUP($D8,'02_UnitPriceRef'!$E$3:$F$10,2,0),IF(OR($E8="Error",$E8="UNKNOWN",$E8=""),0,I8/E8)),$G8) -> 3 | I8: 9 | J8: =F8*H8 -> 9 | K8: N/A | L8: Takeaway | M8: 45205 | N8: =IF(OR(M8="UNKNOWN",M8="ERROR",M8=""),DATE(1900,1,1),M8) -> 45205
A9: TXN_6699534 | B9: Sandwich | C9: =IF(OR($B9="Unknown",$B9="Error",$B9=""),IFERROR(VLOOKUP($H9, '02_UnitPriceRef'!$F$3:$G$10,2,FALSE),"N/A"),$B9) -> Sandwich | D9: Sandwich | E9: 4 | F9: =IF(OR($E9="ERROR",$E9="UNKNOWN",$E9=""),IFERROR(I9/H9,0),E9) -> 4 | G9: 4 | H9: =IF(OR($G9="ERROR",$G9="UNKNOWN",$G9=""),IFERROR(VLOOKUP($D9,'02_UnitPriceRef'!$E$3:$F$10,2,0),IF(OR($E9="Error",$E9="UNKNOWN",$E9=""),0,I9/E9)),$G9) -> 4 | I9: 16 | J9: =F9*H9 -> 16 | K9: Cash | L9: N/A | M9: 45227 | N9: =IF(OR(M9="UNKNOWN",M9="ERROR",M9=""),DATE(1900,1,1),M9) -> 45227
A10: TXN_4717867 | C10: =IF(OR($B10="Unknown",$B10="Error",$B10=""),IFERROR(VLOOKUP($H10, '02_UnitPriceRef'!$F$3:$G$10,2,FALSE),"N/A"),$B10) -> Cake/Juice | D10: Cake/Juice | E10: 5 | F10: =IF(OR($E10="ERROR",$E10="UNKNOWN",$E10=""),IFERROR(I10/H10,0),E10) -> 5 | G10: 3 | H10: =IF(OR($G10="ERROR",$G10="UNKNOWN",$G10=""),IFERROR(VLOOKUP($D10,'02_UnitPriceRef'!$E$3:$F$10,2,0),IF(OR($E10="Error",$E10="UNKNOWN",$E10=""),0,I10/E10)),$G10) -> 3 | I10: 15 | J10: =F10*H10 -> 15 | K10: N/A | L10: Takeaway | M10: 45135 | N10: =IF(OR(M10="UNKNOWN",M10="ERROR",M10=""),DATE(1900,1,1),M10) -> 45135
A11: TXN_2064365 | B11: Sandwich | C11: =IF(OR($B11="Unknown",$B11="Error",$B11=""),IFERROR(VLOOKUP($H11, '02_UnitPriceRef'!$F$3:$G$10,2,FALSE),"N/A"),$B11) -> Sandwich | D11: Sandwich | E11: 5 | F11: =IF(OR($E11="ERROR",$E11="UNKNOWN",$E11=""),IFERROR(I11/H11,0),E11) -> 5 | G11: 4 | H11: =IF(OR($G11="ERROR",$G11="UNKNOWN",$G11=""),IFERROR(VLOOKUP($D11,'02_UnitPriceRef'!$E$3:$F$10,2,0),IF(OR($E11="Error",$E11="UNKNOWN",$E11=""),0,I11/E11)),$G11) -> 4 | I11: 20 | J11: =F11*H11 -> 20 | K11: N/A | L11: In-store | M11: 45291 | N11: =IF(OR(M11="UNKNOWN",M11="ERROR",M11=""),DATE(1900,1,1),M11) -> 45291
A12: TXN_2548360 | B12: Salad | C12: =IF(OR($B12="Unknown",$B12="Error",$B12=""),IFERROR(VLOOKUP($H12, '02_UnitPriceRef'!$F$3:$G$10,2,FALSE),"N/A"),$B12) -> Salad | D12: Salad | E12: 5 | F12: =IF(OR($E12="ERROR",$E12="UNKNOWN",$E12=""),IFERROR(I12/H12,0),E12) -> 5 | G12: 5 | H12: =IF(OR($G12="ERROR",$G12="UNKNOWN",$G12=""),IFERROR(VLOOKUP($D12,'02_UnitPriceRef'!$E$3:$F$10,2,0),IF(OR($E12="Error",$E12="UNKNOWN",$E12=""),0,I12/E12)),$G12) -> 5 | I12: 25 | J12: =F12*H12 -> 25 | K12: Cash | L12: Takeaway | M12: 45237 | N12: =IF(OR(M12="UNKNOWN",M12="ERROR",M12=""),DATE(1900,1,1),M12) -> 45237
A13: TXN_3051279 | B13: Sandwich | C13: =IF(OR($B13="Unknown",$B13="Error",$B13=""),IFERROR(VLOOKUP($H13, '02_UnitPriceRef'!$F$3:$G$10,2,FALSE),"N/A"),$B13) -> Sandwich | D13: Sandwich | E13: 2 | F13: =IF(OR($E13="ERROR",$E13="UNKNOWN",$E13=""),IFERROR(I13/H13,0),E13) -> 2 | G13: 4 | H13: =IF(OR($G13="ERROR",$G13="UNKNOWN",$G13=""),IFERROR(VLOOKUP($D13,'02_UnitPriceRef'!$E$3:$F$10,2,0),IF(OR($E13="Error",$E13="UNKNOWN",$E13=""),0,I13/E13)),$G13) -> 4 | I13: 8 | J13: =F13*H13 -> 8 | K13: Credit Card | L13: Takeaway | M13: ERROR | N13: =IF(OR(M13="UNKNOWN",M13="ERROR",M13=""),DATE(1900,1,1),M13) -> 1
A14: TXN_7619095 | B14: Sandwich | C14: =IF(OR($B14="Unknown",$B14="Error",$B14=""),IFERROR(VLOOKUP($H14, '02_UnitPriceRef'!$F$3:$G$10,2,FALSE),"N/A"),$B14) -> Sandwich | D14: Sandwich | E14: 2 | F14: =IF(OR($E14="ERROR",$E14="UNKNOWN",$E14=""),IFERROR(I14/H14,0),E14) -> 2 | G14: 4 | H14: =IF(OR($G14="ERROR",$G14="UNKNOWN",$G14=""),IFERROR(VLOOKUP($D14,'02_UnitPriceRef'!$E$3:$F$10,2,0),IF(OR($E14="Error",$E14="UNKNOWN",$E14=""),0,I14/E14)),$G14) -> 4 | I14: 8 | J14: =F14*H14 -> 8 | K14: Cash | L14: In-store | M14: 45049 | N14: =IF(OR(M14="UNKNOWN",M14="ERROR",M14=""),DATE(1900,1,1),M14) -> 45049
A15: TXN_9437049 | B15: Cookie | C15: =IF(OR($B15="Unknown",$B15="Error",$B15=""),IFERROR(VLOOKUP($H15, '02_UnitPriceRef'!$F$3:$G$10,2,FALSE),"N/A"),$B15) -> Cookie | D15: Cookie | E15: 5 | F15: =IF(OR($E15="ERROR",$E15="UNKNOWN",$E15=""),IFERROR(I15/H15,0),E15) -> 5 | G15: 1 | H15: =IF(OR($G15="ERROR",$G15="UNKNOWN",$G15=""),IFERROR(VLOOKUP($D15,'02_UnitPriceRef'!$E$3:$F$10,2,0),IF(OR($E15="Error",$E15="UNKNOWN",$E15=""),0,I15/E15)),$G15) -> 1 | I15: 5 | J15: =F15*H15 -> 5 | K15: N/A | L15: Takeaway | M15: 45078 | N15: =IF(OR(M15="UNKNOWN",M15="ERROR",M15=""),DATE(1900,1,1),M15) -> 45078
A16: TXN_8915701 | B16: ERROR | C16: =IF(OR($B16="Unknown",$B16="Error",$B16=""),IFERROR(VLOOKUP($H16, '02_UnitPriceRef'!$F$3:$G$10,2,FALSE),"N/A"),$B16) -> Tea | D16: Tea | E16: 2 | F16: =IF(OR($E16="ERROR",$E16="UNKNOWN",$E16=""),IFERROR(I16/H16,0),E16) -> 2 | G16: 1.5 | H16: =IF(OR($G16="ERROR",$G16="UNKNOWN",$G16=""),IFERROR(VLOOKUP($D16,'02_UnitPriceRef'!$E$3:$F$10,2,0),IF(OR($E16="Error",$E16="UNKNOWN",$E16=""),0,I16/E16)),$G16) -> 1.5 | I16: 3 | J16: =F16*H16 -> 3 | K16: N/A | L16: In-store | M16: 45006 | N16: =IF(OR(M16="UNKNOWN",M16="ERROR",M16=""),DATE(1900,1,1),M16) -> 45006
A17: TXN_2847255 | B17: Salad | C17: =IF(OR($B17="Unknown",$B17="Error",$B17=""),IFERROR(VLOOKUP($H17, '02_UnitPriceRef'!$F$3:$G$10,2,FALSE),"N/A"),$B17) -> Salad | D17: Salad | E17: 3 | F17: =IF(OR($E17="ERROR",$E17="UNKNOWN",$E17=""),IFERROR(I17/H17,0),E17) -> 3 | G17: 5 | H17: =IF(OR($G17="ERROR",$G17="UNKNOWN",$G17=""),IFERROR(VLOOKUP($D17,'02_UnitPriceRef'!$E$3:$F$10,2,0),IF(OR($E17="Error",$E17="UNKNOWN",$E17=""),0,I17/E17)),$G17) -> 5 | I17: 15 | J17: =F17*H17 -> 15 | K17: Credit Card | L17: In-store | M17: 45245 | N17: =IF(OR(M17="UNKNOWN",M17="ERROR",M17=""),DATE(1900,1,1),M17) -> 45245
A18: TXN_3765707 | B18: Sandwich | C18: =IF(OR($B18="Unknown",$B18="Error",$B18=""),IFERROR(VLOOKUP($H18, '02_UnitPriceRef'!$F$3:$G$10,2,FALSE),"N/A"),$B18) -> Sandwich | D18: Sandwich | E18: 1 | F18: =IF(OR($E18="ERROR",$E18="UNKNOWN",$E18=""),IFERROR(I18/H18,0),E18) -> 1 | G18: 4 | H18: =IF(OR($G18="ERROR",$G18="UNKNOWN",$G18=""),IFERROR(VLOOKUP($D18,'02_UnitPriceRef'!$E$3:$F$10,2,0),IF(OR($E18="Error",$E18="UNKNOWN",$E18=""),0,I18/E18)),$G18) -> 4 | I18: 4 | J18: =F18*H18 -> 4 | K18: N/A | L18: N/A | M18: 45087 | N18: =IF(OR(M18="UNKNOWN",M18="ERROR",M18=""),DATE(1900,1,1),M18) -> 45087
A19: TXN_6769710 | B19: Juice | C19: =IF(OR($B19="Unknown",$B19="Error",$B19=""),IFERROR(VLOOKUP($H19, '02_UnitPriceRef'!$F$3:$G$10,2,FALSE),"N/A"),$B19) -> Juice | D19: Juice | E19: 2 | F19: =IF(OR($E19="ERROR",$E19="UNKNOWN",$E19=""),IFERROR(I19/H19,0),E19) -> 2 | G19: 3 | H19: =IF(OR($G19="ERROR",$G19="UNKNOWN",$G19=""),IFERROR(VLOOKUP($D19,'02_UnitPriceRef'!$E$3:$F$10,2,0),IF(OR($E19="Error",$E19="UNKNOWN",$E19=""),0,I19/E19)),$G19) -> 3 | I19: 6 | J19: =F19*H19 -> 6 | K19: Cash | L19: In-store | M19: 44981 | N19: =IF(OR(M19="UNKNOWN",M19="ERROR",M19=""),DATE(1900,1,1),M19) -> 44981
A20: TXN_8876618 | B20: Cake | C20: =IF(OR($B20="Unknown",$B20="Error",$B20=""),IFERROR(VLOOKUP($H20, '02_UnitPriceRef'!$F$3:$G$10,2,FALSE),"N/A"),$B20) -> Cake | D20: Cake | E20: 5 | F20: =IF(OR($E20="ERROR",$E20="UNKNOWN",$E20=""),IFERROR(I20/H20,0),E20) -> 5 | G20: 3 | H20: =IF(OR($G20="ERROR",$G20="UNKNOWN",$G20=""),IFERROR(VLOOKUP($D20,'02_UnitPriceRef'!$E$3:$F$10,2,0),IF(OR($E20="Error",$E20="UNKNOWN",$E20=""),0,I20/E20)),$G20) -> 3 | I20: 15 | J20: =F20*H20 -> 15 | K20: Cash | L20: N/A | M20: 45010 | N20: =IF(OR(M20="UNKNOWN",M20="ERROR",M20=""),DATE(1900,1,1),M20) -> 45010
A21: TXN_3709394 | B21: Juice | C21: =IF(OR($B21="Unknown",$B21="Error",$B21=""),IFERROR(VLOOKUP($H21, '02_UnitPriceRef'!$F$3:$G$10,2,FALSE),"N/A"),$B21) -> Juice | D21: Juice | E21: 4 | F21: =IF(OR($E21="ERROR",$E21="UNKNOWN",$E21=""),IFERROR(I21/H21,0),E21) -> 4 | G21: 3 | H21: =IF(OR($G21="ERROR",$G21="UNKNOWN",$G21=""),IFERROR(VLOOKUP($D21,'02_UnitPriceRef'!$E$3:$F$10,2,0),IF(OR($E21="Error",$E21="UNKNOWN",$E21=""),0,I21/E21)),$G21) -> 3 | I21: 12 | J21: =F21*H21 -> 12 | K21: Cash | L21: Takeaway | M21: 44941 | N21: =IF(OR(M21="UNKNOWN",M21="ERROR",M21=""),DATE(1900,1,1),M21) -> 44941
A22: TXN_3522028 | B22: Smoothie | C22: =IF(OR($B22="Unknown",$B22="Error",$B22=""),IFERROR(VLOOKUP($H22, '02_UnitPriceRef'!$F$3:$G$10,2,FALSE),"N/A"),$B22) -> Smoothie | D22: Smoothie | E22: ERROR | F22: =IF(OR($E22="ERROR",$E22="UNKNOWN",$E22=""),IFERROR(I22/H22,0),E22) -> 5 | G22: 4 | H22: =IF(OR($G22="ERROR",$G22="UNKNOWN",$G22=""),IFERROR(VLOOKUP($D22,'02_UnitPriceRef'!$E$3:$F$10,2,0),IF(OR($E22="Error",$E22="UNKNOWN",$E22=""),0,I22/E22)),$G22) -> 4 | I22: 20 | J22: =F22*H22 -> 20 | K22: Cash | L22: In-store | M22: 45020 | N22: =IF(OR(M22="UNKNOWN",M22="ERROR",M22=""),DATE(1900,1,1),M22) -> 45020
A23: TXN_3567645 | B23: Smoothie | C23: =IF(OR($B23="Unknown",$B23="Error",$B23=""),IFERROR(VLOOKUP($H23, '02_UnitPriceRef'!$F$3:$G$10,2,FALSE),"N/A"),$B23) -> Smoothie | D23: Smoothie | E23: 4 | F23: =IF(OR($E23="ERROR",$E23="UNKNOWN",$E23=""),IFERROR(I23/H23,0),E23) -> 4 | G23: 4 | H23: =IF(OR($G23="ERROR",$G23="UNKNOWN",$G23=""),IFERROR(VLOOKUP($D23,'02_UnitPriceRef'!$E$3:$F$10,2,0),IF(OR($E23="Error",$E23="UNKNOWN",$E23=""),0,I23/E23)),$G23) -> 4 | I23: 16 | J23: =F23*H23 -> 16 | K23: Credit Card | L23: Takeaway | M23: 45015 | N23: =IF(OR(M23="UNKNOWN",M23="ERROR",M23=""),DATE(1900,1,1),M23) -> 45015
A24: TXN_5132361 | B24: Sandwich | C24: =IF(OR($B24="Unknown",$B24="Error",$B24=""),IFERROR(VLOOKUP($H24, '02_UnitPriceRef'!$F$3:$G$10,2,FALSE),"N/A"),$B24) -> Sandwich | D24: Sandwich | E24: 3 | F24: =IF(OR($E24="ERROR",$E24="UNKNOWN",$E24=""),IFERROR(I24/H24,0),E24) -> 3 | G24: 4 | H24: =IF(OR($G24="ERROR",$G24="UNKNOWN",$G24=""),IFERROR(VLOOKUP($D24,'02_UnitPriceRef'!$E$3:$F$10,2,0),IF(OR($E24="Error",$E24="UNKNOWN",$E24=""),0,I24/E24)),$G24) -> 4 | I24: 12 | J24: =F24*H24 -> 12 | K24: Digital Wallet | L24: Takeaway | M24: 45261 | N24: =IF(OR(M24="UNKNOWN",M24="ERROR",M24=""),DATE(1900,1,1),M24) -> 45261
A25: TXN_2616390 | B25: Sandwich | C25: =IF(OR($B25="Unknown",$B25="Error",$B25=""),IFERROR(VLOOKUP($H25, '02_UnitPriceRef'!$F$3:$G$10,2,FALSE),"N/A"),$B25) -> Sandwich | D25: Sandwich | E25: 2 | F25: =IF(OR($E25="ERROR",$E25="UNKNOWN",$E25=""),IFERROR(I25/H25,0),E25) -> 2 | G25: 4 | H25: =IF(OR($G25="ERROR",$G25="UNKNOWN",$G25=""),IFERROR(VLOOKUP($D25,'02_UnitPriceRef'!$E$3:$F$10,2,0),IF(OR($E25="Error",$E25="UNKNOWN",$E25=""),0,I25/E25)),$G25) -> 4 | I25: 8 | J25: =F25*H25 -> 8 | K25: N/A | L25: N/A | M25: 45187 | N25: =IF(OR(M25="UNKNOWN",M25="ERROR",M25=""),DATE(1900,1,1),M25) -> 45187
A26: TXN_9400181 | B26: Sandwich | C26: =IF(OR($B26="Unknown",$B26="Error",$B26=""),IFERROR(VLOOKUP($H26, '02_UnitPriceRef'!$F$3:$G$10,2,FALSE),"N/A"),$B26) -> Sandwich | D26: Sandwich | E26: 5 | F26: =IF(OR($E26="ERROR",$E26="UNKNOWN",$E26=""),IFERROR(I26/H26,0),E26) -> 5 | G26: 4 | H26: =IF(OR($G26="ERROR",$G26="UNKNOWN",$G26=""),IFERROR(VLOOKUP($D26,'02_UnitPriceRef'!$E$3:$F$10,2,0),IF(OR($E26="Error",$E26="UNKNOWN",$E26=""),0,I26/E26)),$G26) -> 4 | I26: 20 | J26: =F26*H26 -> 20 | K26: Cash | L26: In-store | M26: 45080 | N26: =IF(OR(M26="UNKNOWN",M26="ERROR",M26=""),DATE(1900,1,1),M26) -> 45080
A27: TXN_7958992 | B27: Smoothie | C27: =IF(OR($B27="Unknown",$B27="Error",$B27=""),IFERROR(VLOOKUP($H27, '02_UnitPriceRef'!$F$3:$G$10,2,FALSE),"N/A"),$B27) -> Smoothie | D27: Smoothie | E27: 3 | F27: =IF(OR($E27="ERROR",$E27="UNKNOWN",$E27=""),IFERROR(I27/H27,0),E27) -> 3 | G27: 4 | H27: =IF(OR($G27="ERROR",$G27="UNKNOWN",$G27=""),IFERROR(VLOOKUP($D27,'02_UnitPriceRef'!$E$3:$F$10,2,0),IF(OR($E27="Error",$E27="UNKNOWN",$E27=""),0,I27/E27)),$G27) -> 4 | J27: =F27*H27 -> 12 | K27: N/A | L27: N/A | M27: 45273 | N27: =IF(OR(M27="UNKNOWN",M27="ERROR",M27=""),DATE(1900,1,1),M27) -> 45273
A28: TXN_5183041 | B28: Cookie | C28: =IF(OR($B28="Unknown",$B28="Error",$B28=""),IFERROR(VLOOKUP($H28, '02_UnitPriceRef'!$F$3:$G$10,2,FALSE),"N/A"),$B28) -> Cookie | D28: Cookie | E28: 5 | F28: =IF(OR($E28="ERROR",$E28="UNKNOWN",$E28=""),IFERROR(I28/H28,0),E28) -> 5 | G28: 1 | H28: =IF(OR($G28="ERROR",$G28="UNKNOWN",$G28=""),IFERROR(VLOOKUP($D28,'02_UnitPriceRef'!$E$3:$F$10,2,0),IF(OR($E28="Error",$E28="UNKNOWN",$E28=""),0,I28/E28)),$G28) -> 1 | I28: 5 | J28: =F28*H28 -> 5 | K28: Credit Card | L28: In-store | M28: 45036 | N28: =IF(OR(M28="UNKNOWN",M28="ERROR",M28=""),DATE(1900,1,1),M28) -> 45036
A29: TXN_5695074 | B29: Juice | C29: =IF(OR($B29="Unknown",$B29="Error",$B29=""),IFERROR(VLOOKUP($H29, '02_UnitPriceRef'!$F$3:$G$10,2,FALSE),"N/A"),$B29) -> Juice | D29: Juice | E29: 4 | F29: =IF(OR($E29="ERROR",$E29="UNKNOWN",$E29=""),IFERROR(I29/H29,0),E29) -> 4 | G29: 3 | H29: =IF(OR($G29="ERROR",$G29="UNKNOWN",$G29=""),IFERROR(VLOOKUP($D29,'02_UnitPriceRef'!$E$3:$F$10,2,0),IF(OR($E29="Error",$E29="UNKNOWN",$E29=""),0,I29/E29)),$G29) -> 3 | I29: 12 | J29: =F29*H29 -> 12 | K29: Credit Card | L29: Takeaway | M29: 45026 | N29: =IF(OR(M29="UNKNOWN",M29="ERROR",M29=""),DATE(1900,1,1),M29) -> 45026
A30: TXN_8467949 | B30: Smoothie | C30: =IF(OR($B30="Unknown",$B30="Error",$B30=""),IFERROR(VLOOKUP($H30, '02_UnitPriceRef'!$F$3:$G$10,2,FALSE),"N/A"),$B30) -> Smoothie | D30: Smoothie | E30: 5 | F30: =IF(OR($E30="ERROR",$E30="UNKNOWN",$E30=""),IFERROR(I30/H30,0),E30) -> 5 | G30: 4 | H30: =IF(OR($G30="ERROR",$G30="UNKNOWN",$G30=""),IFERROR(VLOOKUP($D30,'02_UnitPriceRef'!$E$3:$F$10,2,0),IF(OR($E30="Error",$E30="UNKNOWN",$E30=""),0,I30/E30)),$G30) -> 4 | I30: 20 | J30: =F30*H30 -> 20 | K30: Credit Card | L30: N/A | M30: 44996 | N30: =IF(OR(M30="UNKNOWN",M30="ERROR",M30=""),DATE(1900,1,1),M30) -> 44996
A31: TXN_7640952 | B31: Cake | C31: =IF(OR($B31="Unknown",$B31="Error",$B31=""),IFERROR(VLOOKUP($H31, '02_UnitPriceRef'!$F$3:$G$10,2,FALSE),"N/A"),$B31) -> Cake | D31: Cake | E31: 4 | F31: =IF(OR($E31="ERROR",$E31="UNKNOWN",$E31=""),IFERROR(I31/H31,0),E31) -> 4 | G31: 3 | H31: =IF(OR($G31="ERROR",$G31="UNKNOWN",$G31=""),IFERROR(VLOOKUP($D31,'02_UnitPriceRef'!$E$3:$F$10,2,0),IF(OR($E31="Error",$E31="UNKNOWN",$E31=""),0,I31/E31)),$G31) -> 3 | I31: 12 | J31: =F31*H31 -> 12 | K31: Digital Wallet | L31: Takeaway | M31: ERROR | N31: =IF(OR(M31="UNKNOWN",M31="ERROR",M31=""),DATE(1900,1,1),M31) -> 1
A32: TXN_1736287 | C32: =IF(OR($B32="Unknown",$B32="Error",$B32=""),IFERROR(VLOOKUP($H32, '02_UnitPriceRef'!$F$3:$G$10,2,FALSE),"N/A"),$B32) -> Coffee | D32: Coffee | E32: 5 | F32: =IF(OR($E32="ERROR",$E32="UNKNOWN",$E32=""),IFERROR(I32/H32,0),E32) -> 5 | G32: 2 | H32: =IF(OR($G32="ERROR",$G32="UNKNOWN",$G32=""),IFERROR(VLOOKUP($D32,'02_UnitPriceRef'!$E$3:$F$10,2,0),IF(OR($E32="Error",$E32="UNKNOWN",$E32=""),0,I32/E32)),$G32) -> 2 | I32: 10 | J32: =F32*H32 -> 10 | K32: Digital Wallet | L32: N/A | M32: 45079 | N32: =IF(OR(M32="UNKNOWN",M32="ERROR",M32=""),DATE(1900,1,1),M32) -> 45079
A33: TXN_8927252 | B33: UNKNOWN | C33: =IF(OR($B33="Unknown",$B33="Error",$B33=""),IFERROR(VLOOKUP($H33, '02_UnitPriceRef'!$F$3:$G$10,2,FALSE),"N/A"),$B33) -> Cookie | D33: Cookie | E33: 2 | F33: =IF(OR($E33="ERROR",$E33="UNKNOWN",$E33=""),IFERROR(I33/H33,0),E33) -> 2 | G33: 1 | H33: =IF(OR($G33="ERROR",$G33="UNKNOWN",$G33=""),IFERROR(VLOOKUP($D33,'02_UnitPriceRef'!$E$3:$F$10,2,0),IF(OR($E33="Error",$E33="UNKNOWN",$E33=""),0,I33/E33)),$G33) -> 1 | I33: ERROR | J33: =F33*H33 -> 2 | K33: Credit Card | L33: N/A | M33: 45236 | N33: =IF(OR(M33="UNKNOWN",M33="ERROR",M33=""),DATE(1900,1,1),M33) -> 45236
A34: TXN_9677376 | B34: Smoothie | C34: =IF(OR($B34="Unknown",$B34="Error",$B34=""),IFERROR(VLOOKUP($H34, '02_UnitPriceRef'!$F$3:$G$10,2,FALSE),"N/A"),$B34) -> Smoothie | D34: Smoothie | E34: 4 | F34: =IF(OR($E34="ERROR",$E34="UNKNOWN",$E34=""),IFERROR(I34/H34,0),E34) -> 4 | G34: 4 | H34: =IF(OR($G34="ERROR",$G34="UNKNOWN",$G34=""),IFERROR(VLOOKUP($D34,'02_UnitPriceRef'!$E$3:$F$10,2,0),IF(OR($E34="Error",$E34="UNKNOWN",$E34=""),0,I34/E34)),$G34) -> 4 | I34: 16 | J34: =F34*H34 -> 16 | K34: N/A | L34: In-store | M34: 45153 | N34: =IF(OR(M34="UNKNOWN",M34="ERROR",M34=""),DATE(1900,1,1),M34) -> 45153
A35: TXN_7710508 | B35: UNKNOWN | C35: =IF(OR($B35="Unknown",$B35="Error",$B35=""),IFERROR(VLOOKUP($H35, '02_UnitPriceRef'!$F$3:$G$10,2,FALSE),"N/A"),$B35) -> Cookie | D35: Cookie | E35: 5 | F35: =IF(OR($E35="ERROR",$E35="UNKNOWN",$E35=""),IFERROR(I35/H35,0),E35) -> 5 | G35: 1 | H35: =IF(OR($G35="ERROR",$G35="UNKNOWN",$G35=""),IFERROR(VLOOKUP($D35,'02_UnitPriceRef'!$E$3:$F$10,2,0),IF(OR($E35="Error",$E35="UNKNOWN",$E35=""),0,I35/E35)),$G35) -> 1 | I35: 5 | J35: =F35*H35 -> 5 | K35: Cash | L35: N/A | M35: ERROR | N35: =IF(OR(M35="UNKNOWN",M35="ERROR",M35=""),DATE(1900,1,1),M35) -> 1
A36: TXN_8853997 | B36: Smoothie | C36: =IF(OR($B36="Unknown",$B36="Error",$B36=""),IFERROR(VLOOKUP($H36, '02_UnitPriceRef'!$F$3:$G$10,2,FALSE),"N/A"),$B36) -> Smoothie | D36: Smoothie | E36: 2 | F36: =IF(OR($E36="ERROR",$E36="UNKNOWN",$E36=""),IFERROR(I36/H36,0),E36) -> 2 | G36: 4 | H36: =IF(OR($G36="ERROR",$G36="UNKNOWN",$G36=""),IFERROR(VLOOKUP($D36,'02_UnitPriceRef'!$E$3:$F$10,2,0),IF(OR($E36="Error",$E36="UNKNOWN",$E36=""),0,I36/E36)),$G36) -> 4 | I36: 8 | J36: =F36*H36 -> 8 | K36: Digital Wallet | L36: Takeaway | M36: 45208 | N36: =IF(OR(M36="UNKNOWN",M36="ERROR",M36=""),DATE(1900,1,1),M36) -> 45208
A37: TXN_9130559 | B37: Sandwich | C37: =IF(OR($B37="Unknown",$B37="Error",$B37=""),IFERROR(VLOOKUP($H37, '02_UnitPriceRef'!$F$3:$G$10,2,FALSE),"N/A"),$B37) -> Sandwich | D37: Sandwich | E37: 1 | F37: =IF(OR($E37="ERROR",$E37="UNKNOWN",$E37=""),IFERROR(I37/H37,0),E37) -> 1 | G37: 4 | H37: =IF(OR($G37="ERROR",$G37="UNKNOWN",$G37=""),IFERROR(VLOOKUP($D37,'02_UnitPriceRef'!$E$3:$F$10,2,0),IF(OR($E37="Error",$E37="UNKNOWN",$E37=""),0,I37/E37)),$G37) -> 4 | I37: 4 | J37: =F37*H37 -> 4 | K37: Credit Card | L37: N/A | M37: 45074 | N37: =IF(OR(M37="UNKNOWN",M37="ERROR",M37=""),DATE(1900,1,1),M37) -> 45074
A38: TXN_6855453 | B38: UNKNOWN | C38: =IF(OR($B38="Unknown",$B38="Error",$B38=""),IFERROR(VLOOKUP($H38, '02_UnitPriceRef'!$F$3:$G$10,2,FALSE),"N/A"),$B38) -> Cake/Juice | D38: Cake/Juice | E38: 4 | F38: =IF(OR($E38="ERROR",$E38="UNKNOWN",$E38=""),IFERROR(I38/H38,0),E38) -> 4 | G38: 3 | H38: =IF(OR($G38="ERROR",$G38="UNKNOWN",$G38=""),IFERROR(VLOOKUP($D38,'02_UnitPriceRef'!$E$3:$F$10,2,0),IF(OR($E38="Error",$E38="UNKNOWN",$E38=""),0,I38/E38)),$G38) -> 3 | I38: 12 | J38: =F38*H38 -> 12 | K38: N/A | L38: In-store | M38: 45124 | N38: =IF(OR(M38="UNKNOWN",M38="ERROR",M38=""),DATE(1900,1,1),M38) -> 45124
A39: TXN_1080432 | B39: Salad | C39: =IF(OR($B39="Unknown",$B39="Error",$B39=""),IFERROR(VLOOKUP($H39, '02_UnitPriceRef'!$F$3:$G$10,2,FALSE),"N/A"),$B39) -> Salad | D39: Salad | E39: 2 | F39: =IF(OR($E39="ERROR",$E39="UNKNOWN",$E39=""),IFERROR(I39/H39,0),E39) -> 2 | G39: 5 | H39: =IF(OR($G39="ERROR",$G39="UNKNOWN",$G39=""),IFERROR(VLOOKUP($D39,'02_UnitPriceRef'!$E$3:$F$10,2,0),IF(OR($E39="Error",$E39="UNKNOWN",$E39=""),0,I39/E39)),$G39) -> 5 | I39: 10 | J39: =F39*H39 -> 10 | K39: Credit Card | L39: In-store | M39: 45045 | N39: =IF(OR(M39="UNKNOWN",M39="ERROR",M39=""),DATE(1900,1,1),M39) -> 45045
A40: TXN_2655815 | B40: Smoothie | C40: =IF(OR($B40="Unknown",$B40="Error",$B40=""),IFERROR(VLOOKUP($H40, '02_UnitPriceRef'!$F$3:$G$10,2,FALSE),"N/A"),$B40) -> Smoothie | D40: Smoothie | E40: 4 | F40: =IF(OR($E40="ERROR",$E40="UNKNOWN",$E40=""),IFERROR(I40/H40,0),E40) -> 4 | G40: 4 | H40: =IF(OR($G40="ERROR",$G40="UNKNOWN",$G40=""),IFERROR(VLOOKUP($D40,'02_UnitPriceRef'!$E$3:$F$10,2,0),IF(OR($E40="Error",$E40="UNKNOWN",$E40=""),0,I40/E40)),$G40) -> 4 | I40: 16 | J40: =F40*H40 -> 16 | K40: N/A | L40: Takeaway | M40: 45085 | N40: =IF(OR(M40="UNKNOWN",M40="ERROR",M40=""),DATE(1900,1,1),M40) -> 45085
A41: TXN_6688524 | B41: Coffee | C41: =IF(OR($B41="Unknown",$B41="Error",$B41=""),IFERROR(VLOOKUP($H41, '02_UnitPriceRef'!$F$3:$G$10,2,FALSE),"N/A"),$B41) -> Coffee | D41: Coffee | E41: 4 | F41: =IF(OR($E41="ERROR",$E41="UNKNOWN",$E41=""),IFERROR(I41/H41,0),E41) -> 4 | G41: 2 | H41: =IF(OR($G41="ERROR",$G41="UNKNOWN",$G41=""),IFERROR(VLOOKUP($D41,'02_UnitPriceRef'!$E$3:$F$10,2,0),IF(OR($E41="Error",$E41="UNKNOWN",$E41=""),0,I41/E41)),$G41) -> 2 | I41: 8 | J41: =F41*H41 -> 8 | K41: N/A | L41: N/A | M41: 45106 | N41: =IF(OR(M41="UNKNOWN",M41="ERROR",M41=""),DATE(1900,1,1),M41) -> 45106
A42: TXN_2083138 | B42: Smoothie | C42: =IF(OR($B42="Unknown",$B42="Error",$B42=""),IFERROR(VLOOKUP($H42, '02_UnitPriceRef'!$F$3:$G$10,2,FALSE),"N/A"),$B42) -> Smoothie | D42: Smoothie | E42: 3 | F42: =IF(OR($E42="ERROR",$E42="UNKNOWN",$E42=""),IFERROR(I42/H42,0),E42) -> 3 | G42: 4 | H42: =IF(OR($G42="ERROR",$G42="UNKNOWN",$G42=""),IFERROR(VLOOKUP($D42,'02_UnitPriceRef'!$E$3:$F$10,2,0),IF(OR($E42="Error",$E42="UNKNOWN",$E42=""),0,I42/E42)),$G42) -> 4 | I42: 12 | J42: =F42*H42 -> 12 | K42: N/A | L42: In-store | M42: 45033 | N42: =IF(OR(M42="UNKNOWN",M42="ERROR",M42=""),DATE(1900,1,1),M42) -> 45033
A43: TXN_2427584 | B43: Sandwich | C43: =IF(OR($B43="Unknown",$B43="Error",$B43=""),IFERROR(VLOOKUP($H43, '02_UnitPriceRef'!$F$3:$G$10,2,FALSE),"N/A"),$B43) -> Sandwich | D43: Sandwich | E43: 4 | F43: =IF(OR($E43="ERROR",$E43="UNKNOWN",$E43=""),IFERROR(I43/H43,0),E43) -> 4 | G43: 4 | H43: =IF(OR($G43="ERROR",$G43="UNKNOWN",$G43=""),IFERROR(VLOOKUP($D43,'02_UnitPriceRef'!$E$3:$F$10,2,0),IF(OR($E43="Error",$E43="UNKNOWN",$E43=""),0,I43/E43)),$G43) -> 4 | I43: 16 | J43: =F43*H43 -> 16 | K43: N/A | L43: Takeaway | M43: 45282 | N43: =IF(OR(M43="UNKNOWN",M43="ERROR",M43=""),DATE(1900,1,1),M43) -> 45282
A44: TXN_6650263 | B44: Tea | C44: =IF(OR($B44="Unknown",$B44="Error",$B44=""),IFERROR(VLOOKUP($H44, '02_UnitPriceRef'!$F$3:$G$10,2,FALSE),"N/A"),$B44) -> Tea | D44: Tea | E44: 2 | F44: =IF(OR($E44="ERROR",$E44="UNKNOWN",$E44=""),IFERROR(I44/H44,0),E44) -> 2 | G44: 1.5 | H44: =IF(OR($G44="ERROR",$G44="UNKNOWN",$G44=""),IFERROR(VLOOKUP($D44,'02_UnitPriceRef'!$E$3:$F$10,2,0),IF(OR($E44="Error",$E44="UNKNOWN",$E44=""),0,I44/E44)),$G44) -> 1.5 | I44: UNKNOWN | J44: =F44*H44 -> 3 | K44: N/A | L44: Takeaway | M44: 44936 | N44: =IF(OR(M44="UNKNOWN",M44="ERROR",M44=""),DATE(1900,1,1),M44) -> 44936
A45: TXN_9620080 | B45: Juice | C45: =IF(OR($B45="Unknown",$B45="Error",$B45=""),IFERROR(VLOOKUP($H45, '02_UnitPriceRef'!$F$3:$G$10,2,FALSE),"N/A"),$B45) -> Juice | D45: Juice | E45: 4 | F45: =IF(OR($E45="ERROR",$E45="UNKNOWN",$E45=""),IFERROR(I45/H45,0),E45) -> 4 | G45: 3 | H45: =IF(OR($G45="ERROR",$G45="UNKNOWN",$G45=""),IFERROR(VLOOKUP($D45,'02_UnitPriceRef'!$E$3:$F$10,2,0),IF(OR($E45="Error",$E45="UNKNOWN",$E45=""),0,I45/E45)),$G45) -> 3 | I45: 12 | J45: =F45*H45 -> 12 | K45: N/A | L45: Takeaway | M45: 45201 | N45: =IF(OR(M45="UNKNOWN",M45="ERROR",M45=""),DATE(1900,1,1),M45) -> 45201
A46: TXN_1491578 | B46: Cookie | C46: =IF(OR($B46="Unknown",$B46="Error",$B46=""),IFERROR(VLOOKUP($H46, '02_UnitPriceRef'!$F$3:$G$10,2,FALSE),"N/A"),$B46) -> Cookie | D46: Cookie | E46: 2 | F46: =IF(OR($E46="ERROR",$E46="UNKNOWN",$E46=""),IFERROR(I46/H46,0),E46) -> 2 | G46: 1 | H46: =IF(OR($G46="ERROR",$G46="UNKNOWN",$G46=""),IFERROR(VLOOKUP($D46,'02_UnitPriceRef'!$E$3:$F$10,2,0),IF(OR($E46="Error",$E46="UNKNOWN",$E46=""),0,I46/E46)),$G46) -> 1 | I46: 2 | J46: =F46*H46 -> 2 | K46: N/A | L46: N/A | M46: 44980 | N46: =IF(OR(M46="UNKNOWN",M46="ERROR",M46=""),DATE(1900,1,1),M46) -> 44980
A47: TXN_5455792 | B47: Salad | C47: =IF(OR($B47="Unknown",$B47="Error",$B47=""),IFERROR(VLOOKUP($H47, '02_UnitPriceRef'!$F$3:$G$10,2,FALSE),"N/A"),$B47) -> Salad | D47: Salad | E47: 3 | F47: =IF(OR($E47="ERROR",$E47="UNKNOWN",$E47=""),IFERROR(I47/H47,0),E47) -> 3 | G47: 5 | H47: =IF(OR($G47="ERROR",$G47="UNKNOWN",$G47=""),IFERROR(VLOOKUP($D47,'02_UnitPriceRef'!$E$3:$F$10,2,0),IF(OR($E47="Error",$E47="UNKNOWN",$E47=""),0,I47/E47)),$G47) -> 5 | I47: 15 | J47: =F47*H47 -> 15 | K47: Cash | L47: N/A | M47: 45007 | N47: =IF(OR(M47="UNKNOWN",M47="ERROR",M47=""),DATE(1900,1,1),M47) -> 45007
A48: TXN_8078640 | B48: Juice | C48: =IF(OR($B48="Unknown",$B48="Error",$B48=""),IFERROR(VLOOKUP($H48, '02_UnitPriceRef'!$F$3:$G$10,2,FALSE),"N/A"),$B48) -> Juice | D48: Juice | E48: 4 | F48: =IF(OR($E48="ERROR",$E48="UNKNOWN",$E48=""),IFERROR(I48/H48,0),E48) -> 4 | G48: 3 | H48: =IF(OR($G48="ERROR",$G48="UNKNOWN",$G48=""),IFERROR(VLOOKUP($D48,'02_UnitPriceRef'!$E$3:$F$10,2,0),IF(OR($E48="Error",$E48="UNKNOWN",$E48=""),0,I48/E48)),$G48) -> 3 | I48: 12 | J48: =F48*H48 -> 12 | K48: Digital Wallet | L48: In-store | M48: 45233 | N48: =IF(OR(M48="UNKNOWN",M48="ERROR",M48=""),DATE(1900,1,1),M48) -> 45233
A49: TXN_9499313 | B49: Juice | C49: =IF(OR($B49="Unknown",$B49="Error",$B49=""),IFERROR(VLOOKUP($H49, '02_UnitPriceRef'!$F$3:$G$10,2,FALSE),"N/A"),$B49) -> Juice | D49: Juice | E49: 5 | F49: =IF(OR($E49="ERROR",$E49="UNKNOWN",$E49=""),IFERROR(I49/H49,0),E49) -> 5 | G49: 3 | H49: =IF(OR($G49="ERROR",$G49="UNKNOWN",$G49=""),IFERROR(VLOOKUP($D49,'02_UnitPriceRef'!$E$3:$F$10,2,0),IF(OR($E49="Error",$E49="UNKNOWN",$E49=""),0,I49/E49)),$G49) -> 3 | I49: 15 | J49: =F49*H49 -> 15 | K49: N/A | L49: N/A | M49: 44987 | N49: =IF(OR(M49="UNKNOWN",M49="ERROR",M49=""),DATE(1900,1,1),M49) -> 44987
A50: TXN_8201146 | B50: Juice | C50: =IF(OR($B50="Unknown",$B50="Error",$B50=""),IFERROR(VLOOKUP($H50, '02_UnitPriceRef'!$F$3:$G$10,2,FALSE),"N/A"),$B50) -> Juice | D50: Juice | E50: 5 | F50: =IF(OR($E50="ERROR",$E50="UNKNOWN",$E50=""),IFERROR(I50/H50,0),E50) -> 5 | G50: 3 | H50: =IF(OR($G50="ERROR",$G50="UNKNOWN",$G50=""),IFERROR(VLOOKUP($D50,'02_UnitPriceRef'!$E$3:$F$10,2,0),IF(OR($E50="Error",$E50="UNKNOWN",$E50=""),0,I50/E50)),$G50) -> 3 | I50: 15 | J50: =F50*H50 -> 15 | K50: Cash | L50: N/A | M50: 45103 | N50: =IF(OR(M50="UNKNOWN",M50="ERROR",M50=""),DATE(1900,1,1),M50) -> 45103
A51: TXN_8230936 | B51: Cake | C51: =IF(OR($B51="Unknown",$B51="Error",$B51=""),IFERROR(VLOOKUP($H51, '02_UnitPriceRef'!$F$3:$G$10,2,FALSE),"N/A"),$B51) -> Cake | D51: Cake | E51: 3 | F51: =IF(OR($E51="ERROR",$E51="UNKNOWN",$E51=""),IFERROR(I51/H51,0),E51) -> 3 | G51: 3 | H51: =IF(OR($G51="ERROR",$G51="UNKNOWN",$G51=""),IFERROR(VLOOKUP($D51,'02_UnitPriceRef'!$E$3:$F$10,2,0),IF(OR($E51="Error",$E51="UNKNOWN",$E51=""),0,I51/E51)),$G51) -> 3 | I51: 9 | J51: =F51*H51 -> 9 | K51: N/A | L51: N/A | M51: 45048 | N51: =IF(OR(M51="UNKNOWN",M51="ERROR",M51=""),DATE(1900,1,1),M51) -> 45048
A52: TXN_7742742 | B52: Cake | C52: =IF(OR($B52="Unknown",$B52="Error",$B52=""),IFERROR(VLOOKUP($H52, '02_UnitPriceRef'!$F$3:$G$10,2,FALSE),"N/A"),$B52) -> Cake | D52: Cake | E52: 5 | F52: =IF(OR($E52="ERROR",$E52="UNKNOWN",$E52=""),IFERROR(I52/H52,0),E52) -> 5 | G52: 3 | H52: =IF(OR($G52="ERROR",$G52="UNKNOWN",$G52=""),IFERROR(VLOOKUP($D52,'02_UnitPriceRef'!$E$3:$F$10,2,0),IF(OR($E52="Error",$E52="UNKNOWN",$E52=""),0,I52/E52)),$G52) -> 3 | I52: 15 | J52: =F52*H52 -> 15 | K52: N/A | L52: Takeaway | M52: 45174 | N52: =IF(OR(M52="UNKNOWN",M52="ERROR",M52=""),DATE(1900,1,1),M52) -> 45174
A53: TXN_6342161 | B53: Salad | C53: =IF(OR($B53="Unknown",$B53="Error",$B53=""),IFERROR(VLOOKUP($H53, '02_UnitPriceRef'!$F$3:$G$10,2,FALSE),"N/A"),$B53) -> Salad | D53: Salad | E53: 5 | F53: =IF(OR($E53="ERROR",$E53="UNKNOWN",$E53=""),IFERROR(I53/H53,0),E53) -> 5 | G53: 5 | H53: =IF(OR($G53="ERROR",$G53="UNKNOWN",$G53=""),IFERROR(VLOOKUP($D53,'02_UnitPriceRef'!$E$3:$F$10,2,0),IF(OR($E53="Error",$E53="UNKNOWN",$E53=""),0,I53/E53)),$G53) -> 5 | I53: 25 | J53: =F53*H53 -> 25 | K53: N/A | L53: Takeaway | M53: 44934 | N53: =IF(OR(M53="UNKNOWN",M53="ERROR",M53=""),DATE(1900,1,1),M53) -> 44934
A54: TXN_8914892 | B54: UNKNOWN | C54: =IF(OR($B54="Unknown",$B54="Error",$B54=""),IFERROR(VLOOKUP($H54, '02_UnitPriceRef'!$F$3:$G$10,2,FALSE),"N/A"),$B54) -> Salad | D54: Salad | E54: 5 | F54: =IF(OR($E54="ERROR",$E54="UNKNOWN",$E54=""),IFERROR(I54/H54,0),E54) -> 5 | G54: 5 | H54: =IF(OR($G54="ERROR",$G54="UNKNOWN",$G54=""),IFERROR(VLOOKUP($D54,'02_UnitPriceRef'!$E$3:$F$10,2,0),IF(OR($E54="Error",$E54="UNKNOWN",$E54=""),0,I54/E54)),$G54) -> 5 | I54: 25 | J54: =F54*H54 -> 25 | K54: Digital Wallet | L54: N/A | M54: 45000 | N54: =IF(OR(M54="UNKNOWN",M54="ERROR",M54=""),DATE(1900,1,1),M54) -> 45000
A55: TXN_3363746 | B55: Smoothie | C55: =IF(OR($B55="Unknown",$B55="Error",$B55=""),IFERROR(VLOOKUP($H55, '02_UnitPriceRef'!$F$3:$G$10,2,FALSE),"N/A"),$B55) -> Smoothie | D55: Smoothie | E55: 3 | F55: =IF(OR($E55="ERROR",$E55="UNKNOWN",$E55=""),IFERROR(I55/H55,0),E55) -> 3 | G55: 4 | H55: =IF(OR($G55="ERROR",$G55="UNKNOWN",$G55=""),IFERROR(VLOOKUP($D55,'02_UnitPriceRef'!$E$3:$F$10,2,0),IF(OR($E55="Error",$E55="UNKNOWN",$E55=""),0,I55/E55)),$G55) -> 4 | I55: 12 | J55: =F55*H55 -> 12 | K55: Credit Card | L55: N/A | M55: 45255 | N55: =IF(OR(M55="UNKNOWN",M55="ERROR",M55=""),DATE(1900,1,1),M55) -> 45255
A56: TXN_8614868 | B56: Smoothie | C56: =IF(OR($B56="Unknown",$B56="Error",$B56=""),IFERROR(VLOOKUP($H56, '02_UnitPriceRef'!$F$3:$G$10,2,FALSE),"N/A"),$B56) -> Smoothie | D56: Smoothie | E56: 5 | F56: =IF(OR($E56="ERROR",$E56="UNKNOWN",$E56=""),IFERROR(I56/H56,0),E56) -> 5 | G56: 4 | H56: =IF(OR($G56="ERROR",$G56="UNKNOWN",$G56=""),IFERROR(VLOOKUP($D56,'02_UnitPriceRef'!$E$3:$F$10,2,0),IF(OR($E56="Error",$E56="UNKNOWN",$E56=""),0,I56/E56)),$G56) -> 4 | I56: 20 | J56: =F56*H56 -> 20 | K56: Digital Wallet | L56: Takeaway | M56: 45265 | N56: =IF(OR(M56="UNKNOWN",M56="ERROR",M56=""),DATE(1900,1,1),M56) -> 45265
A57: TXN_5522862 | B57: Cookie | C57: =IF(OR($B57="Unknown",$B57="Error",$B57=""),IFERROR(VLOOKUP($H57, '02_UnitPriceRef'!$F$3:$G$10,2,FALSE),"N/A"),$B57) -> Cookie | D57: Cookie | E57: ERROR | F57: =IF(OR($E57="ERROR",$E57="UNKNOWN",$E57=""),IFERROR(I57/H57,0),E57) -> 2 | G57: 1 | H57: =IF(OR($G57="ERROR",$G57="UNKNOWN",$G57=""),IFERROR(VLOOKUP($D57,'02_UnitPriceRef'!$E$3:$F$10,2,0),IF(OR($E57="Error",$E57="UNKNOWN",$E57=""),0,I57/E57)),$G57) -> 1 | I57: 2 | J57: =F57*H57 -> 2 | K57: Credit Card | L57: Takeaway | M57: 45004 | N57: =IF(OR(M57="UNKNOWN",M57="ERROR",M57=""),DATE(1900,1,1),M57) -> 45004
A58: TXN_3578141 | B58: Cake | C58: =IF(OR($B58="Unknown",$B58="Error",$B58=""),IFERROR(VLOOKUP($H58, '02_UnitPriceRef'!$F$3:$G$10,2,FALSE),"N/A"),$B58) -> Cake | D58: Cake | E58: 5 | F58: =IF(OR($E58="ERROR",$E58="UNKNOWN",$E58=""),IFERROR(I58/H58,0),E58) -> 5 | H58: =IF(OR($G58="ERROR",$G58="UNKNOWN",$G58=""),IFERROR(VLOOKUP($D58,'02_UnitPriceRef'!$E$3:$F$10,2,0),IF(OR($E58="Error",$E58="UNKNOWN",$E58=""),0,I58/E58)),$G58) -> 3 | I58: 15 | J58: =F58*H58 -> 15 | K58: N/A | L58: Takeaway | M58: 45104 | N58: =IF(OR(M58="UNKNOWN",M58="ERROR",M58=""),DATE(1900,1,1),M58) -> 45104
A59: TXN_2080895 | B59: Cake | C59: =IF(OR($B59="Unknown",$B59="Error",$B59=""),IFERROR(VLOOKUP($H59, '02_UnitPriceRef'!$F$3:$G$10,2,FALSE),"N/A"),$B59) -> Cake | D59: Cake | E59: UNKNOWN | F59: =IF(OR($E59="ERROR",$E59="UNKNOWN",$E59=""),IFERROR(I59/H59,0),E59) -> 1 | G59: 3 | H59: =IF(OR($G59="ERROR",$G59="UNKNOWN",$G59=""),IFERROR(VLOOKUP($D59,'02_UnitPriceRef'!$E$3:$F$10,2,0),IF(OR($E59="Error",$E59="UNKNOWN",$E59=""),0,I59/E59)),$G59) -> 3 | I59: 3 | J59: =F59*H59 -> 3 | K59: Digital Wallet | L59: In-store | M59: 45035 | N59: =IF(OR(M59="UNKNOWN",M59="ERROR",M59=""),DATE(1900,1,1),M59) -> 45035
A60: TXN_6421134 | B60: Sandwich | C60: =IF(OR($B60="Unknown",$B60="Error",$B60=""),IFERROR(VLOOKUP($H60, '02_UnitPriceRef'!$F$3:$G$10,2,FALSE),"N/A"),$B60) -> Sandwich | D60: Sandwich | E60: 4 | F60: =IF(OR($E60="ERROR",$E60="UNKNOWN",$E60=""),IFERROR(I60/H60,0),E60) -> 4 | G60: 4 | H60: =IF(OR($G60="ERROR",$G60="UNKNOWN",$G60=""),IFERROR(VLOOKUP($D60,'02_UnitPriceRef'!$E$3:$F$10,2,0),IF(OR($E60="Error",$E60="UNKNOWN",$E60=""),0,I60/E60)),$G60) -> 4 | I60: 16 | J60: =F60*H60 -> 16 | K60: Cash | L60: Takeaway | M60: 45233 | N60: =IF(OR(M60="UNKNOWN",M60="ERROR",M60=""),DATE(1900,1,1),M60) -> 45233
A61: TXN_8813311 | B61: Juice | C61: =IF(OR($B61="Unknown",$B61="Error",$B61=""),IFERROR(VLOOKUP($H61, '02_UnitPriceRef'!$F$3:$G$10,2,FALSE),"N/A"),$B61) -> Juice | D61: Juice | E61: 5 | F61: =IF(OR($E61="ERROR",$E61="UNKNOWN",$E61=""),IFERROR(I61/H61,0),E61) -> 5 | G61: 3 | H61: =IF(OR($G61="ERROR",$G61="UNKNOWN",$G61=""),IFERROR(VLOOKUP($D61,'02_UnitPriceRef'!$E$3:$F$10,2,0),IF(OR($E61="Error",$E61="UNKNOWN",$E61=""),0,I61/E61)),$G61) -> 3 | I61: 15 | J61: =F61*H61 -> 15 | K61: N/A | L61: In-store | M61: 45206 | N61: =IF(OR(M61="UNKNOWN",M61="ERROR",M61=""),DATE(1900,1,1),M61) -> 45206
A62: TXN_9023317 | B62: Salad | C62: =IF(OR($B62="Unknown",$B62="Error",$B62=""),IFERROR(VLOOKUP($H62, '02_UnitPriceRef'!$F$3:$G$10,2,FALSE),"N/A"),$B62) -> Salad | D62: Salad | E62: 1 | F62: =IF(OR($E62="ERROR",$E62="UNKNOWN",$E62=""),IFERROR(I62/H62,0),E62) -> 1 | G62: 5 | H62: =IF(OR($G62="ERROR",$G62="UNKNOWN",$G62=""),IFERROR(VLOOKUP($D62,'02_UnitPriceRef'!$E$3:$F$10,2,0),IF(OR($E62="Error",$E62="UNKNOWN",$E62=""),0,I62/E62)),$G62) -> 5 | I62: 5 | J62: =F62*H62 -> 5 | K62: N/A | L62: N/A | M62: 45199 | N62: =IF(OR(M62="UNKNOWN",M62="ERROR",M62=""),DATE(1900,1,1),M62) -> 45199
A63: TXN_8051289 | C63: =IF(OR($B63="Unknown",$B63="Error",$B63=""),IFERROR(VLOOKUP($H63, '02_UnitPriceRef'!$F$3:$G$10,2,FALSE),"N/A"),$B63) -> Cake/Juice | D63: Cake/Juice | E63: 1 | F63: =IF(OR($E63="ERROR",$E63="UNKNOWN",$E63=""),IFERROR(I63/H63,0),E63) -> 1 | G63: 3 | H63: =IF(OR($G63="ERROR",$G63="UNKNOWN",$G63=""),IFERROR(VLOOKUP($D63,'02_UnitPriceRef'!$E$3:$F$10,2,0),IF(OR($E63="Error",$E63="UNKNOWN",$E63=""),0,I63/E63)),$G63) -> 3 | I63: 3 | J63: =F63*H63 -> 3 | K63: N/A | L63: In-store | M63: 45208 | N63: =IF(OR(M63="UNKNOWN",M63="ERROR",M63=""),DATE(1900,1,1),M63) -> 45208
A64: TXN_2537617 | B64: Sandwich | C64: =IF(OR($B64="Unknown",$B64="Error",$B64=""),IFERROR(VLOOKUP($H64, '02_UnitPriceRef'!$F$3:$G$10,2,FALSE),"N/A"),$B64) -> Sandwich | D64: Sandwich | E64: 1 | F64: =IF(OR($E64="ERROR",$E64="UNKNOWN",$E64=""),IFERROR(I64/H64,0),E64) -> 1 | G64: 4 | H64: =IF(OR($G64="ERROR",$G64="UNKNOWN",$G64=""),IFERROR(VLOOKUP($D64,'02_UnitPriceRef'!$E$3:$F$10,2,0),IF(OR($E64="Error",$E64="UNKNOWN",$E64=""),0,I64/E64)),$G64) -> 4 | I64: 4 | J64: =F64*H64 -> 4 | K64: Cash | L64: N/A | M64: 45073 | N64: =IF(OR(M64="UNKNOWN",M64="ERROR",M64=""),DATE(1900,1,1),M64) -> 45073
A65: TXN_9099694 | B65: UNKNOWN | C65: =IF(OR($B65="Unknown",$B65="Error",$B65=""),IFERROR(VLOOKUP($H65, '02_UnitPriceRef'!$F$3:$G$10,2,FALSE),"N/A"),$B65) -> Salad | D65: Salad | E65: 3 | F65: =IF(OR($E65="ERROR",$E65="UNKNOWN",$E65=""),IFERROR(I65/H65,0),E65) -> 3 | G65: 5 | H65: =IF(OR($G65="ERROR",$G65="UNKNOWN",$G65=""),IFERROR(VLOOKUP($D65,'02_UnitPriceRef'!$E$3:$F$10,2,0),IF(OR($E65="Error",$E65="UNKNOWN",$E65=""),0,I65/E65)),$G65) -> 5 | I65: 15 | J65: =F65*H65 -> 15 | K65: N/A | L65: Takeaway | M65: 45248 | N65: =IF(OR(M65="UNKNOWN",M65="ERROR",M65=""),DATE(1900,1,1),M65) -> 45248
A66: TXN_9230615 | B66: Smoothie | C66: =IF(OR($B66="Unknown",$B66="Error",$B66=""),IFERROR(VLOOKUP($H66, '02_UnitPriceRef'!$F$3:$G$10,2,FALSE),"N/A"),$B66) -> Smoothie | D66: Smoothie | E66: 4 | F66: =IF(OR($E66="ERROR",$E66="UNKNOWN",$E66=""),IFERROR(I66/H66,0),E66) -> 4 | G66: 4 | H66: =IF(OR($G66="ERROR",$G66="UNKNOWN",$G66=""),IFERROR(VLOOKUP($D66,'02_UnitPriceRef'!$E$3:$F$10,2,0),IF(OR($E66="Error",$E66="UNKNOWN",$E66=""),0,I66/E66)),$G66) -> 4 | I66: 16 | J66: =F66*H66 -> 16 | K66: Digital Wallet | L66: N/A | M66: 45078 | N66: =IF(OR(M66="UNKNOWN",M66="ERROR",M66=""),DATE(1900,1,1),M66) -> 45078
A67: TXN_4987129 | B67: Sandwich | C67: =IF(OR($B67="Unknown",$B67="Error",$B67=""),IFERROR(VLOOKUP($H67, '02_UnitPriceRef'!$F$3:$G$10,2,FALSE),"N/A"),$B67) -> Sandwich | D67: Sandwich | E67: 3 | F67: =IF(OR($E67="ERROR",$E67="UNKNOWN",$E67=""),IFERROR(I67/H67,0),E67) -> 3 | H67: =IF(OR($G67="ERROR",$G67="UNKNOWN",$G67=""),IFERROR(VLOOKUP($D67,'02_UnitPriceRef'!$E$3:$F$10,2,0),IF(OR($E67="Error",$E67="UNKNOWN",$E67=""),0,I67/E67)),$G67) -> 4 | J67: =F67*H67 -> 12 | K67: N/A | L67: In-store | M67: 45219 | N67: =IF(OR(M67="UNKNOWN",M67="ERROR",M67=""),DATE(1900,1,1),M67) -> 45219
A68: TXN_8501819 | B68: Juice | C68: =IF(OR($B68="Unknown",$B68="Error",$B68=""),IFERROR(VLOOKUP($H68, '02_UnitPriceRef'!$F$3:$G$10,2,FALSE),"N/A"),$B68) -> Juice | D68: Juice | F68: =IF(OR($E68="ERROR",$E68="UNKNOWN",$E68=""),IFERROR(I68/H68,0),E68) -> 2 | G68: 3 | H68: =IF(OR($G68="ERROR",$G68="UNKNOWN",$G68=""),IFERROR(VLOOKUP($D68,'02_UnitPriceRef'!$E$3:$F$10,2,0),IF(OR($E68="Error",$E68="UNKNOWN",$E68=""),0,I68/E68)),$G68) -> 3 | I68: 6 | J68: =F68*H68 -> 6 | K68: Cash | L68: N/A | M68: 45015 | N68: =IF(OR(M68="UNKNOWN",M68="ERROR",M68=""),DATE(1900,1,1),M68) -> 45015
A69: TXN_3068204 | B69: Cookie | C69: =IF(OR($B69="Unknown",$B69="Error",$B69=""),IFERROR(VLOOKUP($H69, '02_UnitPriceRef'!$F$3:$G$10,2,FALSE),"N/A"),$B69) -> Cookie | D69: Cookie | E69: 1 | F69: =IF(OR($E69="ERROR",$E69="UNKNOWN",$E69=""),IFERROR(I69/H69,0),E69) -> 1 | G69: 1 | H69: =IF(OR($G69="ERROR",$G69="UNKNOWN",$G69=""),IFERROR(VLOOKUP($D69,'02_UnitPriceRef'!$E$3:$F$10,2,0),IF(OR($E69="Error",$E69="UNKNOWN",$E69=""),0,I69/E69)),$G69) -> 1 | I69: 1 | J69: =F69*H69 -> 1 | K69: Credit Card | L69: Takeaway | M69: 45202 | N69: =IF(OR(M69="UNKNOWN",M69="ERROR",M69=""),DATE(1900,1,1),M69) -> 45202
A70: TXN_8427104 | B70: Salad | C70: =IF(OR($B70="Unknown",$B70="Error",$B70=""),IFERROR(VLOOKUP($H70, '02_UnitPriceRef'!$F$3:$G$10,2,FALSE),"N/A"),$B70) -> Salad | D70: Salad | E70: 2 | F70: =IF(OR($E70="ERROR",$E70="UNKNOWN",$E70=""),IFERROR(I70/H70,0),E70) -> 2 | G70: ERROR | H70: =IF(OR($G70="ERROR",$G70="UNKNOWN",$G70=""),IFERROR(VLOOKUP($D70,'02_UnitPriceRef'!$E$3:$F$10,2,0),IF(OR($E70="Error",$E70="UNKNOWN",$E70=""),0,I70/E70)),$G70) -> 5 | I70: 10 | J70: =F70*H70 -> 10 | K70: N/A | L70: In-store | M70: 45226 | N70: =IF(OR(M70="UNKNOWN",M70="ERROR",M70=""),DATE(1900,1,1),M70) -> 45226
A71: TXN_8471743 | B71: ERROR | C71: =IF(OR($B71="Unknown",$B71="Error",$B71=""),IFERROR(VLOOKUP($H71, '02_UnitPriceRef'!$F$3:$G$10,2,FALSE),"N/A"),$B71) -> Cake/Juice | D71: Cake/Juice | E71: 5 | F71: =IF(OR($E71="ERROR",$E71="UNKNOWN",$E71=""),IFERROR(I71/H71,0),E71) -> 5 | G71: 3 | H71: =IF(OR($G71="ERROR",$G71="UNKNOWN",$G71=""),IFERROR(VLOOKUP($D71,'02_UnitPriceRef'!$E$3:$F$10,2,0),IF(OR($E71="Error",$E71="UNKNOWN",$E71=""),0,I71/E71)),$G71) -> 3 | I71: 15 | J71: =F71*H71 -> 15 | K71: Digital Wallet | L71: In-store | M71: 45022 | N71: =IF(OR(M71="UNKNOWN",M71="ERROR",M71=""),DATE(1900,1,1),M71) -> 45022
A72: TXN_2621580 | B72: Tea | C72: =IF(OR($B72="Unknown",$B72="Error",$B72=""),IFERROR(VLOOKUP($H72, '02_UnitPriceRef'!$F$3:$G$10,2,FALSE),"N/A"),$B72) -> Tea | D72: Tea | E72: 2 | F72: =IF(OR($E72="ERROR",$E72="UNKNOWN",$E72=""),IFERROR(I72/H72,0),E72) -> 2 | G72: 1.5 | H72: =IF(OR($G72="ERROR",$G72="UNKNOWN",$G72=""),IFERROR(VLOOKUP($D72,'02_UnitPriceRef'!$E$3:$F$10,2,0),IF(OR($E72="Error",$E72="UNKNOWN",$E72=""),0,I72/E72)),$G72) -> 1.5 | I72: 3 | J72: =F72*H72 -> 3 | K72: Cash | L72: In-store | M72: 45007 | N72: =IF(OR(M72="UNKNOWN",M72="ERROR",M72=""),DATE(1900,1,1),M72) -> 45007
A73: TXN_4726376 | B73: Cake | C73: =IF(OR($B73="Unknown",$B73="Error",$B73=""),IFERROR(VLOOKUP($H73, '02_UnitPriceRef'!$F$3:$G$10,2,FALSE),"N/A"),$B73) -> Cake | D73: Cake | E73: 2 | F73: =IF(OR($E73="ERROR",$E73="UNKNOWN",$E73=""),IFERROR(I73/H73,0),E73) -> 2 | G73: 3 | H73: =IF(OR($G73="ERROR",$G73="UNKNOWN",$G73=""),IFERROR(VLOOKUP($D73,'02_UnitPriceRef'!$E$3:$F$10,2,0),IF(OR($E73="Error",$E73="UNKNOWN",$E73=""),0,I73/E73)),$G73) -> 3 | I73: 6 | J73: =F73*H73 -> 6 | K73: Credit Card | L73: In-store | M73: 44957 | N73: =IF(OR(M73="UNKNOWN",M73="ERROR",M73=""),DATE(1900,1,1),M73) -> 44957
A74: TXN_6044979 | C74: =IF(OR($B74="Unknown",$B74="Error",$B74=""),IFERROR(VLOOKUP($H74, '02_UnitPriceRef'!$F$3:$G$10,2,FALSE),"N/A"),$B74) -> Cookie | D74: Cookie | E74: 1 | F74: =IF(OR($E74="ERROR",$E74="UNKNOWN",$E74=""),IFERROR(I74/H74,0),E74) -> 1 | G74: 1 | H74: =IF(OR($G74="ERROR",$G74="UNKNOWN",$G74=""),IFERROR(VLOOKUP($D74,'02_UnitPriceRef'!$E$3:$F$10,2,0),IF(OR($E74="Error",$E74="UNKNOWN",$E74=""),0,I74/E74)),$G74) -> 1 | I74: 1 | J74: =F74*H74 -> 1 | K74: Cash | L74: In-store | M74: 45268 | N74: =IF(OR(M74="UNKNOWN",M74="ERROR",M74=""),DATE(1900,1,1),M74) -> 45268
A75: TXN_4238417 | B75: Salad | C75: =IF(OR($B75="Unknown",$B75="Error",$B75=""),IFERROR(VLOOKUP($H75, '02_UnitPriceRef'!$F$3:$G$10,2,FALSE),"N/A"),$B75) -> Salad | D75: Salad | E75: 2 | F75: =IF(OR($E75="ERROR",$E75="UNKNOWN",$E75=""),IFERROR(I75/H75,0),E75) -> 2 | G75: 5 | H75: =IF(OR($G75="ERROR",$G75="UNKNOWN",$G75=""),IFERROR(VLOOKUP($D75,'02_UnitPriceRef'!$E$3:$F$10,2,0),IF(OR($E75="Error",$E75="UNKNOWN",$E75=""),0,I75/E75)),$G75) -> 5 | I75: 10 | J75: =F75*H75 -> 10 | K75: N/A | L75: N/A | M75: 45096 | N75: =IF(OR(M75="UNKNOWN",M75="ERROR",M75=""),DATE(1900,1,1),M75) -> 45096
A76: TXN_1900620 | B76: Smoothie | C76: =IF(OR($B76="Unknown",$B76="Error",$B76=""),IFERROR(VLOOKUP($H76, '02_UnitPriceRef'!$F$3:$G$10,2,FALSE),"N/A"),$B76) -> Smoothie | D76: Smoothie | E76: 2 | F76: =IF(OR($E76="ERROR",$E76="UNKNOWN",$E76=""),IFERROR(I76/H76,0),E76) -> 2 | G76: 4 | H76: =IF(OR($G76="ERROR",$G76="UNKNOWN",$G76=""),IFERROR(VLOOKUP($D76,'02_UnitPriceRef'!$E$3:$F$10,2,0),IF(OR($E76="Error",$E76="UNKNOWN",$E76=""),0,I76/E76)),$G76) -> 4 | I76: 8 | J76: =F76*H76 -> 8 | K76: Credit Card | L76: N/A | M76: 45274 | N76: =IF(OR(M76="UNKNOWN",M76="ERROR",M76=""),DATE(1900,1,1),M76) -> 45274
A77: TXN_6420335 | B77: Coffee | C77: =IF(OR($B77="Unknown",$B77="Error",$B77=""),IFERROR(VLOOKUP($H77, '02_UnitPriceRef'!$F$3:$G$10,2,FALSE),"N/A"),$B77) -> Coffee | D77: Coffee | E77: 1 | F77: =IF(OR($E77="ERROR",$E77="UNKNOWN",$E77=""),IFERROR(I77/H77,0),E77) -> 1 | G77: 2 | H77: =IF(OR($G77="ERROR",$G77="UNKNOWN",$G77=""),IFERROR(VLOOKUP($D77,'02_UnitPriceRef'!$E$3:$F$10,2,0),IF(OR($E77="Error",$E77="UNKNOWN",$E77=""),0,I77/E77)),$G77) -> 2 | I77: 2 | J77: =F77*H77 -> 2 | K77: Cash | L77: Takeaway | M77: 45123 | N77: =IF(OR(M77="UNKNOWN",M77="ERROR",M77=""),DATE(1900,1,1),M77) -> 45123
A78: TXN_3858209 | B78: Sandwich | C78: =IF(OR($B78="Unknown",$B78="Error",$B78=""),IFERROR(VLOOKUP($H78, '02_UnitPriceRef'!$F$3:$G$10,2,FALSE),"N/A"),$B78) -> Sandwich | D78: Sandwich | E78: 4 | F78: =IF(OR($E78="ERROR",$E78="UNKNOWN",$E78=""),IFERROR(I78/H78,0),E78) -> 4 | G78: 4 | H78: =IF(OR($G78="ERROR",$G78="UNKNOWN",$G78=""),IFERROR(VLOOKUP($D78,'02_UnitPriceRef'!$E$3:$F$10,2,0),IF(OR($E78="Error",$E78="UNKNOWN",$E78=""),0,I78/E78)),$G78) -> 4 | I78: 16 | J78: =F78*H78 -> 16 | K78: Cash | L78: N/A | M78: 44979 | N78: =IF(OR(M78="UNKNOWN",M78="ERROR",M78=""),DATE(1900,1,1),M78) -> 44979
A79: TXN_2091733 | B79: Salad | C79: =IF(OR($B79="Unknown",$B79="Error",$B79=""),IFERROR(VLOOKUP($H79, '02_UnitPriceRef'!$F$3:$G$10,2,FALSE),"N/A"),$B79) -> Salad | D79: Salad | E79: 1 | F79: =IF(OR($E79="ERROR",$E79="UNKNOWN",$E79=""),IFERROR(I79/H79,0),E79) -> 1 | G79: 5 | H79: =IF(OR($G79="ERROR",$G79="UNKNOWN",$G79=""),IFERROR(VLOOKUP($D79,'02_UnitPriceRef'!$E$3:$F$10,2,0),IF(OR($E79="Error",$E79="UNKNOWN",$E79=""),0,I79/E79)),$G79) -> 5 | I79: 5 | J79: =F79*H79 -> 5 | K79: N/A | L79: In-store | N79: =IF(OR(M79="UNKNOWN",M79="ERROR",M79=""),DATE(1900,1,1),M79) -> 1
A80: TXN_8735480 | B80: Tea | C80: =IF(OR($B80="Unknown",$B80="Error",$B80=""),IFERROR(VLOOKUP($H80, '02_UnitPriceRef'!$F$3:$G$10,2,FALSE),"N/A"),$B80) -> Tea | D80: Tea | E80: 5 | F80: =IF(OR($E80="ERROR",$E80="UNKNOWN",$E80=""),IFERROR(I80/H80,0),E80) -> 5 | G80: 1.5 | H80: =IF(OR($G80="ERROR",$G80="UNKNOWN",$G80=""),IFERROR(VLOOKUP($D80,'02_UnitPriceRef'!$E$3:$F$10,2,0),IF(OR($E80="Error",$E80="UNKNOWN",$E80=""),0,I80/E80)),$G80) -> 1.5 | I80: 7.5 | J80: =F80*H80 -> 7.5 | K80: Cash | L80: N/A | M80: 45079 | N80: =IF(OR(M80="UNKNOWN",M80="ERROR",M80=""),DATE(1900,1,1),M80) -> 45079
A81: TXN_3829165 | B81: Juice | C81: =IF(OR($B81="Unknown",$B81="Error",$B81=""),IFERROR(VLOOKUP($H81, '02_UnitPriceRef'!$F$3:$G$10,2,FALSE),"N/A"),$B81) -> Juice | D81: Juice | E81: 4 | F81: =IF(OR($E81="ERROR",$E81="UNKNOWN",$E81=""),IFERROR(I81/H81,0),E81) -> 4 | G81: 3 | H81: =IF(OR($G81="ERROR",$G81="UNKNOWN",$G81=""),IFERROR(VLOOKUP($D81,'02_UnitPriceRef'!$E$3:$F$10,2,0),IF(OR($E81="Error",$E81="UNKNOWN",$E81=""),0,I81/E81)),$G81) -> 3 | I81: 12 | J81: =F81*H81 -> 12 | K81: Cash | L81: In-store | M81: 45092 | N81: =IF(OR(M81="UNKNOWN",M81="ERROR",M81=""),DATE(1900,1,1),M81) -> 45092
A82: TXN_3748616 | B82: Coffee | C82: =IF(OR($B82="Unknown",$B82="Error",$B82=""),IFERROR(VLOOKUP($H82, '02_UnitPriceRef'!$F$3:$G$10,2,FALSE),"N/A"),$B82) -> Coffee | D82: Coffee | E82: 2 | F82: =IF(OR($E82="ERROR",$E82="UNKNOWN",$E82=""),IFERROR(I82/H82,0),E82) -> 2 | G82: 2 | H82: =IF(OR($G82="ERROR",$G82="UNKNOWN",$G82=""),IFERROR(VLOOKUP($D82,'02_UnitPriceRef'!$E$3:$F$10,2,0),IF(OR($E82="Error",$E82="UNKNOWN",$E82=""),0,I82/E82)),$G82) -> 2 | I82: 4 | J82: =F82*H82 -> 4 | K82: Credit Card | L82: In-store | M82: 45269 | N82: =IF(OR(M82="UNKNOWN",M82="ERROR",M82=""),DATE(1900,1,1),M82) -> 45269
A83: TXN_1993289 | B83: Sandwich | C83: =IF(OR($B83="Unknown",$B83="Error",$B83=""),IFERROR(VLOOKUP($H83, '02_UnitPriceRef'!$F$3:$G$10,2,FALSE),"N/A"),$B83) -> Sandwich | D83: Sandwich | E83: 2 | F83: =IF(OR($E83="ERROR",$E83="UNKNOWN",$E83=""),IFERROR(I83/H83,0),E83) -> 2 | G83: 4 | H83: =IF(OR($G83="ERROR",$G83="UNKNOWN",$G83=""),IFERROR(VLOOKUP($D83,'02_UnitPriceRef'!$E$3:$F$10,2,0),IF(OR($E83="Error",$E83="UNKNOWN",$E83=""),0,I83/E83)),$G83) -> 4 | I83: 8 | J83: =F83*H83 -> 8 | K83: N/A | L83: In-store | M83: 45034 | N83: =IF(OR(M83="UNKNOWN",M83="ERROR",M83=""),DATE(1900,1,1),M83) -> 45034
A84: TXN_2123367 | B84: Cookie | C84: =IF(OR($B84="Unknown",$B84="Error",$B84=""),IFERROR(VLOOKUP($H84, '02_UnitPriceRef'!$F$3:$G$10,2,FALSE),"N/A"),$B84) -> Cookie | D84: Cookie | E84: 2 | F84: =IF(OR($E84="ERROR",$E84="UNKNOWN",$E84=""),IFERROR(I84/H84,0),E84) -> 2 | G84: 1 | H84: =IF(OR($G84="ERROR",$G84="UNKNOWN",$G84=""),IFERROR(VLOOKUP($D84,'02_UnitPriceRef'!$E$3:$F$10,2,0),IF(OR($E84="Error",$E84="UNKNOWN",$E84=""),0,I84/E84)),$G84) -> 1 | I84: 2 | J84: =F84*H84 -> 2 | K84: N/A | L84: N/A | M84: 45237 | N84: =IF(OR(M84="UNKNOWN",M84="ERROR",M84=""),DATE(1900,1,1),M84) -> 45237
A85: TXN_5266394 | B85: Cake | C85: =IF(OR($B85="Unknown",$B85="Error",$B85=""),IFERROR(VLOOKUP($H85, '02_UnitPriceRef'!$F$3:$G$10,2,FALSE),"N/A"),$B85) -> Cake | D85: Cake | E85: 3 | F85: =IF(OR($E85="ERROR",$E85="UNKNOWN",$E85=""),IFERROR(I85/H85,0),E85) -> 3 | G85: 3 | H85: =IF(OR($G85="ERROR",$G85="UNKNOWN",$G85=""),IFERROR(VLOOKUP($D85,'02_UnitPriceRef'!$E$3:$F$10,2,0),IF(OR($E85="Error",$E85="UNKNOWN",$E85=""),0,I85/E85)),$G85) -> 3 | I85: 9 | J85: =F85*H85 -> 9 | K85: Cash | L85: In-store | M85: 45227 | N85: =IF(OR(M85="UNKNOWN",M85="ERROR",M85=""),DATE(1900,1,1),M85) -> 45227
A86: TXN_5107946 | B86: Cake | C86: =IF(OR($B86="Unknown",$B86="Error",$B86=""),IFERROR(VLOOKUP($H86, '02_UnitPriceRef'!$F$3:$G$10,2,FALSE),"N/A"),$B86) -> Cake | D86: Cake | E86: 4 | F86: =IF(OR($E86="ERROR",$E86="UNKNOWN",$E86=""),IFERROR(I86/H86,0),E86) -> 4 | G86: 3 | H86: =IF(OR($G86="ERROR",$G86="UNKNOWN",$G86=""),IFERROR(VLOOKUP($D86,'02_UnitPriceRef'!$E$3:$F$10,2,0),IF(OR($E86="Error",$E86="UNKNOWN",$E86=""),0,I86/E86)),$G86) -> 3 | I86: 12 | J86: =F86*H86 -> 12 | K86: Credit Card | L86: N/A | M86: 45282 | N86: =IF(OR(M86="UNKNOWN",M86="ERROR",M86=""),DATE(1900,1,1),M86) -> 45282
A87: TXN_8035512 | B87: Tea | C87: =IF(OR($B87="Unknown",$B87="Error",$B87=""),IFERROR(VLOOKUP($H87, '02_UnitPriceRef'!$F$3:$G$10,2,FALSE),"N/A"),$B87) -> Tea | D87: Tea | E87: 3 | F87: =IF(OR($E87="ERROR",$E87="UNKNOWN",$E87=""),IFERROR(I87/H87,0),E87) -> 3 | H87: =IF(OR($G87="ERROR",$G87="UNKNOWN",$G87=""),IFERROR(VLOOKUP($D87,'02_UnitPriceRef'!$E$3:$F$10,2,0),IF(OR($E87="Error",$E87="UNKNOWN",$E87=""),0,I87/E87)),$G87) -> 1.5 | I87: 4.5 | J87: =F87*H87 -> 4.5 | K87: Cash | L87: N/A | M87: 45228 | N87: =IF(OR(M87="UNKNOWN",M87="ERROR",M87=""),DATE(1900,1,1),M87) -> 45228
A88: TXN_8718498 | B88: Cake | C88: =IF(OR($B88="Unknown",$B88="Error",$B88=""),IFERROR(VLOOKUP($H88, '02_UnitPriceRef'!$F$3:$G$10,2,FALSE),"N/A"),$B88) -> Cake | D88: Cake | E88: 5 | F88: =IF(OR($E88="ERROR",$E88="UNKNOWN",$E88=""),IFERROR(I88/H88,0),E88) -> 5 | G88: 3 | H88: =IF(OR($G88="ERROR",$G88="UNKNOWN",$G88=""),IFERROR(VLOOKUP($D88,'02_UnitPriceRef'!$E$3:$F$10,2,0),IF(OR($E88="Error",$E88="UNKNOWN",$E88=""),0,I88/E88)),$G88) -> 3 | I88: 15 | J88: =F88*H88 -> 15 | K88: Credit Card | L88: N/A | M88: 45046 | N88: =IF(OR(M88="UNKNOWN",M88="ERROR",M88=""),DATE(1900,1,1),M88) -> 45046
A89: TXN_3955361 | B89: Cookie | C89: =IF(OR($B89="Unknown",$B89="Error",$B89=""),IFERROR(VLOOKUP($H89, '02_UnitPriceRef'!$F$3:$G$10,2,FALSE),"N/A"),$B89) -> Cookie | D89: Cookie | E89: 5 | F89: =IF(OR($E89="ERROR",$E89="UNKNOWN",$E89=""),IFERROR(I89/H89,0),E89) -> 5 | G89: 1 | H89: =IF(OR($G89="ERROR",$G89="UNKNOWN",$G89=""),IFERROR(VLOOKUP($D89,'02_UnitPriceRef'!$E$3:$F$10,2,0),IF(OR($E89="Error",$E89="UNKNOWN",$E89=""),0,I89/E89)),$G89) -> 1 | I89: 5 | J89: =F89*H89 -> 5 | K89: N/A | L89: Takeaway | M89: 45018 | N89: =IF(OR(M89="UNKNOWN",M89="ERROR",M89=""),DATE(1900,1,1),M89) -> 45018
A90: TXN_9487821 | B90: ERROR | C90: =IF(OR($B90="Unknown",$B90="Error",$B90=""),IFERROR(VLOOKUP($H90, '02_UnitPriceRef'!$F$3:$G$10,2,FALSE),"N/A"),$B90) -> Salad | D90: Salad | E90: 1 | F90: =IF(OR($E90="ERROR",$E90="UNKNOWN",$E90=""),IFERROR(I90/H90,0),E90) -> 1 | G90: 5 | H90: =IF(OR($G90="ERROR",$G90="UNKNOWN",$G90=""),IFERROR(VLOOKUP($D90,'02_UnitPriceRef'!$E$3:$F$10,2,0),IF(OR($E90="Error",$E90="UNKNOWN",$E90=""),0,I90/E90)),$G90) -> 5 | I90: 5 | J90: =F90*H90 -> 5 | K90: Digital Wallet | L90: Takeaway | M90: 45070 | N90: =IF(OR(M90="UNKNOWN",M90="ERROR",M90=""),DATE(1900,1,1),M90) -> 45070
A91: TXN_4132730 | C91: =IF(OR($B91="Unknown",$B91="Error",$B91=""),IFERROR(VLOOKUP($H91, '02_UnitPriceRef'!$F$3:$G$10,2,FALSE),"N/A"),$B91) -> Cookie | D91: Cookie | E91: 5 | F91: =IF(OR($E91="ERROR",$E91="UNKNOWN",$E91=""),IFERROR(I91/H91,0),E91) -> 5 | G91: 1 | H91: =IF(OR($G91="ERROR",$G91="UNKNOWN",$G91=""),IFERROR(VLOOKUP($D91,'02_UnitPriceRef'!$E$3:$F$10,2,0),IF(OR($E91="Error",$E91="UNKNOWN",$E91=""),0,I91/E91)),$G91) -> 1 | I91: 5 | J91: =F91*H91 -> 5 | K91: N/A | L91: In-store | M91: 44997 | N91: =IF(OR(M91="UNKNOWN",M91="ERROR",M91=""),DATE(1900,1,1),M91) -> 44997
A92: TXN_8976658 | B92: Tea | C92: =IF(OR($B92="Unknown",$B92="Error",$B92=""),IFERROR(VLOOKUP($H92, '02_UnitPriceRef'!$F$3:$G$10,2,FALSE),"N/A"),$B92) -> Tea | D92: Tea | E92: 2 | F92: =IF(OR($E92="ERROR",$E92="UNKNOWN",$E92=""),IFERROR(I92/H92,0),E92) -> 2 | G92: 1.5 | H92: =IF(OR($G92="ERROR",$G92="UNKNOWN",$G92=""),IFERROR(VLOOKUP($D92,'02_UnitPriceRef'!$E$3:$F$10,2,0),IF(OR($E92="Error",$E92="UNKNOWN",$E92=""),0,I92/E92)),$G92) -> 1.5 | I92: 3 | J92: =F92*H92 -> 3 | K92: Credit Card | L92: In-store | M92: 45154 | N92: =IF(OR(M92="UNKNOWN",M92="ERROR",M92=""),DATE(1900,1,1),M92) -> 45154
A93: TXN_5455936 | B93: UNKNOWN | C93: =IF(OR($B93="Unknown",$B93="Error",$B93=""),IFERROR(VLOOKUP($H93, '02_UnitPriceRef'!$F$3:$G$10,2,FALSE),"N/A"),$B93) -> Cake/Juice | D93: Cake/Juice | E93: 5 | F93: =IF(OR($E93="ERROR",$E93="UNKNOWN",$E93=""),IFERROR(I93/H93,0),E93) -> 5 | G93: 3 | H93: =IF(OR($G93="ERROR",$G93="UNKNOWN",$G93=""),IFERROR(VLOOKUP($D93,'02_UnitPriceRef'!$E$3:$F$10,2,0),IF(OR($E93="Error",$E93="UNKNOWN",$E93=""),0,I93/E93)),$G93) -> 3 | I93: 15 | J93: =F93*H93 -> 15 | K93: N/A | L93: In-store | M93: 45227 | N93: =IF(OR(M93="UNKNOWN",M93="ERROR",M93=""),DATE(1900,1,1),M93) -> 45227
A94: TXN_2725602 | B94: Juice | C94: =IF(OR($B94="Unknown",$B94="Error",$B94=""),IFERROR(VLOOKUP($H94, '02_UnitPriceRef'!$F$3:$G$10,2,FALSE),"N/A"),$B94) -> Juice | D94: Juice | E94: 5 | F94: =IF(OR($E94="ERROR",$E94="UNKNOWN",$E94=""),IFERROR(I94/H94,0),E94) -> 5 | G94: 3 | H94: =IF(OR($G94="ERROR",$G94="UNKNOWN",$G94=""),IFERROR(VLOOKUP($D94,'02_UnitPriceRef'!$E$3:$F$10,2,0),IF(OR($E94="Error",$E94="UNKNOWN",$E94=""),0,I94/E94)),$G94) -> 3 | I94: 15 | J94: =F94*H94 -> 15 | K94: Credit Card | L94: N/A | M94: 45179 | N94: =IF(OR(M94="UNKNOWN",M94="ERROR",M94=""),DATE(1900,1,1),M94) -> 45179
A95: TXN_3011323 | B95: Coffee | C95: =IF(OR($B95="Unknown",$B95="Error",$B95=""),IFERROR(VLOOKUP($H95, '02_UnitPriceRef'!$F$3:$G$10,2,FALSE),"N/A"),$B95) -> Coffee | D95: Coffee | E95: 3 | F95: =IF(OR($E95="ERROR",$E95="UNKNOWN",$E95=""),IFERROR(I95/H95,0),E95) -> 3 | G95: 2 | H95: =IF(OR($G95="ERROR",$G95="UNKNOWN",$G95=""),IFERROR(VLOOKUP($D95,'02_UnitPriceRef'!$E$3:$F$10,2,0),IF(OR($E95="Error",$E95="UNKNOWN",$E95=""),0,I95/E95)),$G95) -> 2 | I95: 6 | J95: =F95*H95 -> 6 | K95: Credit Card | L95: N/A | M95: 44992 | N95: =IF(OR(M95="UNKNOWN",M95="ERROR",M95=""),DATE(1900,1,1),M95) -> 44992
A96: TXN_6289610 | B96: Juice | C96: =IF(OR($B96="Unknown",$B96="Error",$B96=""),IFERROR(VLOOKUP($H96, '02_UnitPriceRef'!$F$3:$G$10,2,FALSE),"N/A"),$B96) -> Juice | D96: Juice | E96: 3 | F96: =IF(OR($E96="ERROR",$E96="UNKNOWN",$E96=""),IFERROR(I96/H96,0),E96) -> 3 | G96: 3 | H96: =IF(OR($G96="ERROR",$G96="UNKNOWN",$G96=""),IFERROR(VLOOKUP($D96,'02_UnitPriceRef'!$E$3:$F$10,2,0),IF(OR($E96="Error",$E96="UNKNOWN",$E96=""),0,I96/E96)),$G96) -> 3 | I96: UNKNOWN | J96: =F96*H96 -> 9 | K96: Cash | L96: Takeaway | M96: 45145 | N96: =IF(OR(M96="UNKNOWN",M96="ERROR",M96=""),DATE(1900,1,1),M96) -> 45145
A97: TXN_8268061 | B97: Salad | C97: =IF(OR($B97="Unknown",$B97="Error",$B97=""),IFERROR(VLOOKUP($H97, '02_UnitPriceRef'!$F$3:$G$10,2,FALSE),"N/A"),$B97) -> Salad | D97: Salad | E97: 3 | F97: =IF(OR($E97="ERROR",$E97="UNKNOWN",$E97=""),IFERROR(I97/H97,0),E97) -> 3 | G97: 5 | H97: =IF(OR($G97="ERROR",$G97="UNKNOWN",$G97=""),IFERROR(VLOOKUP($D97,'02_UnitPriceRef'!$E$3:$F$10,2,0),IF(OR($E97="Error",$E97="UNKNOWN",$E97=""),0,I97/E97)),$G97) -> 5 | I97: 15 | J97: =F97*H97 -> 15 | K97: N/A | L97: Takeaway | M97: 45158 | N97: =IF(OR(M97="UNKNOWN",M97="ERROR",M97=""),DATE(1900,1,1),M97) -> 45158
A98: TXN_5220895 | B98: Salad | C98: =IF(OR($B98="Unknown",$B98="Error",$B98=""),IFERROR(VLOOKUP($H98, '02_UnitPriceRef'!$F$3:$G$10,2,FALSE),"N/A"),$B98) -> Salad | D98: Salad | E98: 5 | F98: =IF(OR($E98="ERROR",$E98="UNKNOWN",$E98=""),IFERROR(I98/H98,0),E98) -> 5 | G98: 5 | H98: =IF(OR($G98="ERROR",$G98="UNKNOWN",$G98=""),IFERROR(VLOOKUP($D98,'02_UnitPriceRef'!$E$3:$F$10,2,0),IF(OR($E98="Error",$E98="UNKNOWN",$E98=""),0,I98/E98)),$G98) -> 5 | I98: 25 | J98: =F98*H98 -> 25 | K98: Cash | L98: In-store | M98: 45087 | N98: =IF(OR(M98="UNKNOWN",M98="ERROR",M98=""),DATE(1900,1,1),M98) -> 45087
A99: TXN_3085509 | B99: Coffee | C99: =IF(OR($B99="Unknown",$B99="Error",$B99=""),IFERROR(VLOOKUP($H99, '02_UnitPriceRef'!$F$3:$G$10,2,FALSE),"N/A"),$B99) -> Coffee | D99: Coffee | E99: 4 | F99: =IF(OR($E99="ERROR",$E99="UNKNOWN",$E99=""),IFERROR(I99/H99,0),E99) -> 4 | G99: 2 | H99: =IF(OR($G99="ERROR",$G99="UNKNOWN",$G99=""),IFERROR(VLOOKUP($D99,'02_UnitPriceRef'!$E$3:$F$10,2,0),IF(OR($E99="Error",$E99="UNKNOWN",$E99=""),0,I99/E99)),$G99) -> 2 | I99: 8 | J99: =F99*H99 -> 8 | K99: Digital Wallet | L99: In-store | M99: 45031 | N99: =IF(OR(M99="UNKNOWN",M99="ERROR",M99=""),DATE(1900,1,1),M99) -> 45031
A100: TXN_9999113 | B100: Juice | C100: =IF(OR($B100="Unknown",$B100="Error",$B100=""),IFERROR(VLOOKUP($H100, '02_UnitPriceRef'!$F$3:$G$10,2,FALSE),"N/A"),$B100) -> Juice | D100: Juice | E100: 4 | F100: =IF(OR($E100="ERROR",$E100="UNKNOWN",$E100=""),IFERROR(I100/H100,0),E100) -> 4 | G100: 3 | H100: =IF(OR($G100="ERROR",$G100="UNKNOWN",$G100=""),IFERROR(VLOOKUP($D100,'02_UnitPriceRef'!$E$3:$F$10,2,0),IF(OR($E100="Error",$E100="UNKNOWN",$E100=""),0,I100/E100)),$G100) -> 3 | I100: 12 | J100: =F100*H100 -> 12 | K100: Cash | L100: Takeaway | M100: 45073 | N100: =IF(OR(M100="UNKNOWN",M100="ERROR",M100=""),DATE(1900,1,1),M100) -> 45073
...

Sheet 02_UnitPriceRef
A1: Cleaned_Item | B1: Price Per Unit
A2: Cake | B2: 3 | E2: Unique_Item | F2: Price Per Unit
B3: (blank) | E3: Cake | F3: 3 | G3: Cake/Juice
A4: Cake Total | E4: Coffee | F4: 2 | G4: Coffee
A5: Coffee | B5: 2 | E5: Cookie | F5: 1 | G5: Cookie
B6: (blank) | E6: Juice | F6: 3 | G6: Juice/Juice
A7: Coffee Total | E7: Salad | F7: 5 | G7: Salad
A8: Cookie | B8: 1 | E8: Sandwich | F8: 4 | G8: Sandwich/Smoothie
B9: (blank) | E9: Smoothie | F9: 4 | G9: Sandwich/Smoothie
A10: Cookie Total | E10: Tea | F10: 1.5 | G10: Tea
A11: Juice | B11: 3
B12: (blank)
A13: Juice Total
A14: N/A | B14: (blank)
A15: N/A Total
A16: Salad | B16: 5
B17: (blank)
A18: Salad Total
A19: Sandwich | B19: 4
B20: (blank)
A21: Sandwich Total
A22: Sandwich/Smoothie | B22: 4
A23: Sandwich/Smoothie Total
A24: Smoothie | B24: 4
B25: (blank)
A26: Smoothie Total
A27: Tea | B27: 1.5
B28: (blank)
A29: Tea Total

Sheet 01_Raw_Data
A1: Transaction ID | B1: Item | C1: Quantity | D1: Price Per Unit | E1: Total Spent | F1: Payment Method | G1: Location | H1: Transaction Date
A2: TXN_1961373 | B2: Coffee | C2: 2 | D2: 2 | E2: 4 | F2: Credit Card | G2: Takeaway | H2: 45177
A3: TXN_4977031 | B3: Cake | C3: 4 | D3: 3 | E3: 12 | F3: Cash | G3: In-store | H3: 45062
A4: TXN_4271903 | B4: Cookie | C4: 4 | D4: 1 | E4: ERROR | F4: Credit Card | G4: In-store | H4: 45126
A5: TXN_7034554 | B5: Salad | C5: 2 | D5: 5 | E5: 10 | F5: UNKNOWN | G5: UNKNOWN | H5: 45043
A6: TXN_3160411 | B6: Coffee | C6: 2 | D6: 2 | E6: 4 | F6: Digital Wallet | G6: In-store | H6: 45088
A7: TXN_2602893 | B7: Smoothie | C7: 5 | D7: 4 | E7: 20 | F7: Credit Card | H7: 45016
A8: TXN_4433211 | B8: UNKNOWN | C8: 3 | D8: 3 | E8: 9 | F8: ERROR | G8: Takeaway | H8: 45205
A9: TXN_6699534 | B9: Sandwich | C9: 4 | D9: 4 | E9: 16 | F9: Cash | G9: UNKNOWN | H9: 45227
A10: TXN_4717867 | C10: 5 | D10: 3 | E10: 15 | G10: Takeaway | H10: 45135
A11: TXN_2064365 | B11: Sandwich | C11: 5 | D11: 4 | E11: 20 | G11: In-store | H11: 45291
A12: TXN_2548360 | B12: Salad | C12: 5 | D12: 5 | E12: 25 | F12: Cash | G12: Takeaway | H12: 45237
A13: TXN_3051279 | B13: Sandwich | C13: 2 | D13: 4 | E13: 8 | F13: Credit Card | G13: Takeaway | H13: ERROR
A14: TXN_7619095 | B14: Sandwich | C14: 2 | D14: 4 | E14: 8 | F14: Cash | G14: In-store | H14: 45049
A15: TXN_9437049 | B15: Cookie | C15: 5 | D15: 1 | E15: 5 | G15: Takeaway | H15: 45078
A16: TXN_8915701 | B16: ERROR | C16: 2 | D16: 1.5 | E16: 3 | G16: In-store | H16: 45006
A17: TXN_2847255 | B17: Salad | C17: 3 | D17: 5 | E17: 15 | F17: Credit Card | G17: In-store | H17: 45245
A18: TXN_3765707 | B18: Sandwich | C18: 1 | D18: 4 | E18: 4 | H18: 45087
A19: TXN_6769710 | B19: Juice | C19: 2 | D19: 3 | E19: 6 | F19: Cash | G19: In-store | H19: 44981
A20: TXN_8876618 | B20: Cake | C20: 5 | D20: 3 | E20: 15 | F20: Cash | G20: ERROR | H20: 45010
A21: TXN_3709394 | B21: Juice | C21: 4 | D21: 3 | E21: 12 | F21: Cash | G21: Takeaway | H21: 44941
A22: TXN_3522028 | B22: Smoothie | C22: ERROR | D22: 4 | E22: 20 | F22: Cash | G22: In-store | H22: 45020
A23: TXN_3567645 | B23: Smoothie | C23: 4 | D23: 4 | E23: 16 | F23: Credit Card | G23: Takeaway | H23: 45015
A24: TXN_5132361 | B24: Sandwich | C24: 3 | D24: 4 | E24: 12 | F24: Digital Wallet | G24: Takeaway | H24: 45261
A25: TXN_2616390 | B25: Sandwich | C25: 2 | D25: 4 | E25: 8 | H25: 45187
A26: TXN_9400181 | B26: Sandwich | C26: 5 | D26: 4 | E26: 20 | F26: Cash | G26: In-store | H26: 45080
A27: TXN_7958992 | B27: Smoothie | C27: 3 | D27: 4 | F27: UNKNOWN | G27: UNKNOWN | H27: 45273
A28: TXN_5183041 | B28: Cookie | C28: 5 | D28: 1 | E28: 5 | F28: Credit Card | G28: In-store | H28: 45036
A29: TXN_5695074 | B29: Juice | C29: 4 | D29: 3 | E29: 12 | F29: Credit Card | G29: Takeaway | H29: 45026
A30: TXN_8467949 | B30: Smoothie | C30: 5 | D30: 4 | E30: 20 | F30: Credit Card | H30: 44996
A31: TXN_7640952 | B31: Cake | C31: 4 | D31: 3 | E31: 12 | F31: Digital Wallet | G31: Takeaway | H31: ERROR
A32: TXN_1736287 | C32: 5 | D32: 2 | E32: 10 | F32: Digital Wallet | H32: 45079
A33: TXN_8927252 | B33: UNKNOWN | C33: 2 | D33: 1 | E33: ERROR | F33: Credit Card | G33: ERROR | H33: 45236
A34: TXN_9677376 | B34: Smoothie | C34: 4 | D34: 4 | E34: 16 | G34: In-store | H34: 45153
A35: TXN_7710508 | B35: UNKNOWN | C35: 5 | D35: 1 | E35: 5 | F35: Cash | H35: ERROR
A36: TXN_8853997 | B36: Smoothie | C36: 2 | D36: 4 | E36: 8 | F36: Digital Wallet | G36: Takeaway | H36: 45208
A37: TXN_9130559 | B37: Sandwich | C37: 1 | D37: 4 | E37: 4 | F37: Credit Card | G37: UNKNOWN | H37: 45074
A38: TXN_6855453 | B38: UNKNOWN | C38: 4 | D38: 3 | E38: 12 | G38: In-store | H38: 45124
A39: TXN_1080432 | B39: Salad | C39: 2 | D39: 5 | E39: 10 | F39: Credit Card | G39: In-store | H39: 45045
A40: TXN_2655815 | B40: Smoothie | C40: 4 | D40: 4 | E40: 16 | G40: Takeaway | H40: 45085
A41: TXN_6688524 | B41: Coffee | C41: 4 | D41: 2 | E41: 8 | F41: ERROR | H41: 45106
A42: TXN_2083138 | B42: Smoothie | C42: 3 | D42: 4 | E42: 12 | G42: In-store | H42: 45033
A43: TXN_2427584 | B43: Sandwich | C43: 4 | D43: 4 | E43: 16 | G43: Takeaway | H43: 45282
A44: TXN_6650263 | B44: Tea | C44: 2 | D44: 1.5 | E44: UNKNOWN | G44: Takeaway | H44: 44936
A45: TXN_9620080 | B45: Juice | C45: 4 | D45: 3 | E45: 12 | G45: Takeaway | H45: 45201
A46: TXN_1491578 | B46: Cookie | C46: 2 | D46: 1 | E46: 2 | H46: 44980
A47: TXN_5455792 | B47: Salad | C47: 3 | D47: 5 | E47: 15 | F47: Cash | H47: 45007
A48: TXN_8078640 | B48: Juice | C48: 4 | D48: 3 | E48: 12 | F48: Digital Wallet | G48: In-store | H48: 45233
A49: TXN_9499313 | B49: Juice | C49: 5 | D49: 3 | E49: 15 | H49: 44987
A50: TXN_8201146 | B50: Juice | C50: 5 | D50: 3 | E50: 15 | F50: Cash | H50: 45103
A51: TXN_8230936 | B51: Cake | C51: 3 | D51: 3 | E51: 9 | G51: ERROR | H51: 45048
A52: TXN_7742742 | B52: Cake | C52: 5 | D52: 3 | E52: 15 | G52: Takeaway | H52: 45174
A53: TXN_6342161 | B53: Salad | C53: 5 | D53: 5 | E53: 25 | F53: ERROR | G53: Takeaway | H53: 44934
A54: TXN_8914892 | B54: UNKNOWN | C54: 5 | D54: 5 | E54: 25 | F54: Digital Wallet | H54: 45000
A55: TXN_3363746 | B55: Smoothie | C55: 3 | D55: 4 | E55: 12 | F55: Credit Card | H55: 45255
A56: TXN_8614868 | B56: Smoothie | C56: 5 | D56: 4 | E56: 20 | F56: Digital Wallet | G56: Takeaway | H56: 45265
A57: TXN_5522862 | B57: Cookie | C57: ERROR | D57: 1 | E57: 2 | F57: Credit Card | G57: Takeaway | H57: 45004
A58: TXN_3578141 | B58: Cake | C58: 5 | E58: 15 | G58: Takeaway | H58: 45104
A59: TXN_2080895 | B59: Cake | C59: UNKNOWN | D59: 3 | E59: 3 | F59: Digital Wallet | G59: In-store | H59: 45035
A60: TXN_6421134 | B60: Sandwich | C60: 4 | D60: 4 | E60: 16 | F60: Cash | G60: Takeaway | H60: 45233
A61: TXN_8813311 | B61: Juice | C61: 5 | D61: 3 | E61: 15 | G61: In-store | H61: 45206
A62: TXN_9023317 | B62: Salad | C62: 1 | D62: 5 | E62: 5 | H62: 45199
A63: TXN_8051289 | C63: 1 | D63: 3 | E63: 3 | G63: In-store | H63: 45208
A64: TXN_2537617 | B64: Sandwich | C64: 1 | D64: 4 | E64: 4 | F64: Cash | H64: 45073
A65: TXN_9099694 | B65: UNKNOWN | C65: 3 | D65: 5 | E65: 15 | G65: Takeaway | H65: 45248
A66: TXN_9230615 | B66: Smoothie | C66: 4 | D66: 4 | E66: 16 | F66: Digital Wallet | H66: 45078
A67: TXN_4987129 | B67: Sandwich | C67: 3 | G67: In-store | H67: 45219
A68: TXN_8501819 | B68: Juice | D68: 3 | E68: 6 | F68: Cash | H68: 45015
A69: TXN_3068204 | B69: Cookie | C69: 1 | D69: 1 | E69: 1 | F69: Credit Card | G69: Takeaway | H69: 45202
A70: TXN_8427104 | B70: Salad | C70: 2 | D70: ERROR | E70: 10 | G70: In-store | H70: 45226
A71: TXN_8471743 | B71: ERROR | C71: 5 | D71: 3 | E71: 15 | F71: Digital Wallet | G71: In-store | H71: 45022
A72: TXN_2621580 | B72: Tea | C72: 2 | D72: 1.5 | E72: 3 | F72: Cash | G72: In-store | H72: 45007
A73: TXN_4726376 | B73: Cake | C73: 2 | D73: 3 | E73: 6 | F73: Credit Card | G73: In-store | H73: 44957
A74: TXN_6044979 | C74: 1 | D74: 1 | E74: 1 | F74: Cash | G74: In-store | H74: 45268
A75: TXN_4238417 | B75: Salad | C75: 2 | D75: 5 | E75: 10 | G75: ERROR | H75: 45096
A76: TXN_1900620 | B76: Smoothie | C76: 2 | D76: 4 | E76: 8 | F76: Credit Card | G76: ERROR | H76: 45274
A77: TXN_6420335 | B77: Coffee | C77: 1 | D77: 2 | E77: 2 | F77: Cash | G77: Takeaway | H77: 45123
A78: TXN_3858209 | B78: Sandwich | C78: 4 | D78: 4 | E78: 16 | F78: Cash | H78: 44979
A79: TXN_2091733 | B79: Salad | C79: 1 | D79: 5 | E79: 5 | G79: In-store
A80: TXN_8735480 | B80: Tea | C80: 5 | D80: 1.5 | E80: 7.5 | F80: Cash | H80: 45079
A81: TXN_3829165 | B81: Juice | C81: 4 | D81: 3 | E81: 12 | F81: Cash | G81: In-store | H81: 45092
A82: TXN_3748616 | B82: Coffee | C82: 2 | D82: 2 | E82: 4 | F82: Credit Card | G82: In-store | H82: 45269
A83: TXN_1993289 | B83: Sandwich | C83: 2 | D83: 4 | E83: 8 | G83: In-store | H83: 45034
A84: TXN_2123367 | B84: Cookie | C84: 2 | D84: 1 | E84: 2 | H84: 45237
A85: TXN_5266394 | B85: Cake | C85: 3 | D85: 3 | E85: 9 | F85: Cash | G85: In-store | H85: 45227
A86: TXN_5107946 | B86: Cake | C86: 4 | D86: 3 | E86: 12 | F86: Credit Card | H86: 45282
A87: TXN_8035512 | B87: Tea | C87: 3 | E87: 4.5 | F87: Cash | G87: UNKNOWN | H87: 45228
A88: TXN_8718498 | B88: Cake | C88: 5 | D88: 3 | E88: 15 | F88: Credit Card | G88: ERROR | H88: 45046
A89: TXN_3955361 | B89: Cookie | C89: 5 | D89: 1 | E89: 5 | G89: Takeaway | H89: 45018
A90: TXN_9487821 | B90: ERROR | C90: 1 | D90: 5 | E90: 5 | F90: Digital Wallet | G90: Takeaway | H90: 45070
A91: TXN_4132730 | C91: 5 | D91: 1 | E91: 5 | G91: In-store | H91: 44997
A92: TXN_8976658 | B92: Tea | C92: 2 | D92: 1.5 | E92: 3 | F92: Credit Card | G92: In-store | H92: 45154
A93: TXN_5455936 | B93: UNKNOWN | C93: 5 | D93: 3 | E93: 15 | G93: In-store | H93: 45227
A94: TXN_2725602 | B94: Juice | C94: 5 | D94: 3 | E94: 15 | F94: Credit Card | H94: 45179
A95: TXN_3011323 | B95: Coffee | C95: 3 | D95: 2 | E95: 6 | F95: Credit Card | H95: 44992
A96: TXN_6289610 | B96: Juice | C96: 3 | D96: 3 | E96: UNKNOWN | F96: Cash | G96: Takeaway | H96: 45145
A97: TXN_8268061 | B97: Salad | C97: 3 | D97: 5 | E97: 15 | F97: ERROR | G97: Takeaway | H97: 45158
A98: TXN_5220895 | B98: Salad | C98: 5 | D98: 5 | E98: 25 | F98: Cash | G98: In-store | H98: 45087
A99: TXN_3085509 | B99: Coffee | C99: 4 | D99: 2 | E99: 8 | F99: Digital Wallet | G99: In-store | H99: 45031
A100: TXN_9999113 | B100: Juice | C100: 4 | D100: 3 | E100: 12 | F100: Cash | G100: Takeaway | H100: 45073
...
